Name,Symbol,Side,Status,Filled,Total Qty,Price,Avg Price,Time-in-Force,Placed Time,Filled Time
SOUNDHOUND AI INC,SOUN,Buy,Filled,10,10,@16.53,16.53,DAY,09/19/2025 13:31:39 EDT,09/19/2025 13:31:39 EDT
SOUNDHOUND AI INC,SOUN,Buy,Filled,10,10,@16.49,16.49,DAY,09/19/2025 13:28:51 EDT,09/19/2025 13:28:51 EDT
Walmart,WMT,Short,Filled,40,40,@102.84,102.84,DAY,09/19/2025 11:31:27 EDT,09/19/2025 11:36:41 EDT
Acm Research,ACMR,Buy,Cancelled,0,10,@34.73,,DAY,09/19/2025 11:05:39 EDT,
Serve Robotics,SERV,Buy,Cancelled,0,100,@13.11,,DAY,09/19/2025 10:12:27 EDT,
Uber Technologies,UBER,Sell,Filled,8,8,@97.35,97.35,DAY,09/19/2025 09:57:47 EDT,09/19/2025 09:57:56 EDT
ARK Genomic Revolution ETF,ARKG,Buy,Filled,15,15,@27.83,27.83,DAY,09/19/2025 09:56:35 EDT,09/19/2025 09:56:35 EDT
Uber Technologies,UBER,Sell,Filled,7,7,@97.39,97.39,DAY,09/19/2025 09:53:22 EDT,09/19/2025 09:53:30 EDT
Serve Robotics,SERV,Sell,Filled,14,14,@14.60,14.60,DAY,09/19/2025 09:52:58 EDT,09/19/2025 09:53:00 EDT
Serve Robotics,SERV,Sell,Filled,14,14,@14.56,14.56,DAY,09/19/2025 09:52:37 EDT,09/19/2025 09:52:38 EDT
Serve Robotics,SERV,Sell,Filled,27,27,@14.44,14.44,DAY,09/19/2025 09:49:25 EDT,09/19/2025 09:49:31 EDT
Walmart,WMT,Buy,Filled,30,30,@103.55,103.55,DAY,09/19/2025 09:47:08 EDT,09/19/2025 09:47:08 EDT
DeFi Development Corp,DFDV,Buy,Filled,25,25,@17.38,17.38,DAY,09/19/2025 09:38:45 EDT,09/19/2025 09:38:45 EDT
Serve Robotics,SERV,Sell,Filled,55,55,@14.21,14.21,DAY,09/19/2025 09:37:48 EDT,09/19/2025 09:46:23 EDT
DeFi Development Corp,DFDV,Buy,Filled,25,25,@17.16,17.16,DAY,09/19/2025 09:32:54 EDT,09/19/2025 09:32:54 EDT
Uber Technologies,UBER,Sell,Filled,25,25,@97.17,97.17,DAY,09/19/2025 09:32:01 EDT,09/19/2025 09:50:50 EDT
ASP Isotopes,ASPI,Sell,Filled,25,25,@9.96,9.96,DAY,09/19/2025 08:55:44 EDT,09/19/2025 12:50:58 EDT
Serve Robotics,SERV,Buy,Filled,100,100,@13.01,13.01,DAY,09/19/2025 08:35:02 EDT,09/19/2025 09:20:02 EDT
Serve Robotics,SERV,Buy,Filled,10,10,@12.87,12.87,DAY,09/18/2025 17:59:44 EDT,09/18/2025 18:14:38 EDT
ASP Isotopes,ASPI,Buy,Filled,50,50,@9.22,9.22,DAY,09/18/2025 17:37:48 EDT,09/18/2025 17:37:48 EDT
Walmart,WMT,Short,Filled,10,10,@103.43,103.43,DAY,09/18/2025 12:13:15 EDT,09/18/2025 12:13:15 EDT
DeFi Development Corp,DFDV,Buy,Filled,100,100,@18.62,18.62,DAY,09/18/2025 10:11:37 EDT,09/18/2025 10:12:00 EDT
Uber Technologies,UBER,Buy,Filled,10,10,@94.63,94.63,DAY,09/18/2025 09:54:58 EDT,09/18/2025 09:54:58 EDT
AdvisorShares Pure US Cannabis ETF,MSOS,Short,Cancelled,0,500,@4.32,,DAY,09/18/2025 09:53:52 EDT,
Walmart,WMT,Short,Filled,20,20,@104.14,104.14,DAY,09/18/2025 09:42:57 EDT,09/18/2025 09:52:23 EDT
Uber Technologies,UBER,Buy,Filled,30,30,@94.12,94.12,DAY,09/18/2025 09:20:54 EDT,09/18/2025 09:20:54 EDT
ProShares UltraPro Short Dow30,SDOW,Sell,Filled,150,150,@36.76,36.76,DAY,09/18/2025 09:16:02 EDT,09/18/2025 09:16:49 EDT
ProShares UltraPro Short Dow30,SDOW,Buy,Filled,150,150,@36.99,36.99,DAY,09/17/2025 12:56:11 EDT,09/17/2025 12:56:11 EDT
Walmart,WMT,Buy,Filled,10,10,@105.68,105.68,DAY,09/17/2025 10:50:22 EDT,09/17/2025 10:50:31 EDT
Summit Therapeutics Inc,SMMT,Sell,Filled,40,40,@18.06,18.06,DAY,09/16/2025 19:39:16 EDT,09/16/2025 19:39:16 EDT
BrightSpring Health Services  Inc.,BTSG,Sell,Filled,50,50,@27.09,27.09,DAY,09/16/2025 14:59:09 EDT,09/16/2025 14:59:09 EDT
Cleanspark Inc,CLSK,Sell,Filled,23,23,@11.11,11.11,DAY,09/16/2025 14:58:32 EDT,09/16/2025 15:00:15 EDT
Metsera,MTSR,Sell,Filled,25,25,@33.57,33.57,DAY,09/16/2025 14:58:18 EDT,09/16/2025 14:58:18 EDT
Cleanspark Inc,CLSK,Sell,Filled,27,27,@10.85,10.85,DAY,09/16/2025 12:33:57 EDT,09/16/2025 12:34:25 EDT
APA Corp (US),APA,Buy,Filled,35,35,@24.53,24.53,DAY,09/16/2025 12:14:03 EDT,09/16/2025 12:14:03 EDT
Super Group (SGHC) Ltd,SGHC,Sell,Filled,30,30,@13.34,13.34,DAY,09/16/2025 10:21:01 EDT,09/16/2025 10:21:18 EDT
BrightSpring Health Services  Inc.,BTSG,Sell,Cancelled,0,50,@25.78,,DAY,09/16/2025 10:20:22 EDT,
Walmart,WMT,Short,Filled,10,10,@103.58,103.58,DAY,09/16/2025 10:02:48 EDT,09/16/2025 10:02:48 EDT
Super Group (SGHC) Ltd,SGHC,Sell,Filled,45,45,@13.33,13.33,DAY,09/16/2025 09:33:35 EDT,09/16/2025 10:19:44 EDT
APA Corp (US),APA,Short,Filled,35,35,@23.20,23.20,DAY,09/16/2025 08:36:27 EDT,09/16/2025 09:25:00 EDT
Cleanspark Inc,CLSK,Sell,Filled,50,50,@10.76,10.76,DAY,09/16/2025 07:48:32 EDT,09/16/2025 11:40:09 EDT
Metsera,MTSR,Sell,Filled,25,25,@33.56,33.56,DAY,09/16/2025 07:01:34 EDT,09/16/2025 14:57:57 EDT
Metsera,MTSR,Sell,Filled,50,50,@35.78,35.78,DAY,09/16/2025 06:02:16 EDT,09/16/2025 07:01:00 EDT
BrightSpring Health Services  Inc.,BTSG,Sell,Cancelled,0,37,@27.81,,DAY,09/15/2025 17:31:13 EDT,
BrightSpring Health Services  Inc.,BTSG,Buy,Filled,50,50,@26.61,26.61,DAY,09/15/2025 11:53:21 EDT,09/15/2025 11:53:21 EDT
Metsera,MTSR,Buy,Filled,100,100,@34.45,34.45,DAY,09/15/2025 11:51:38 EDT,09/15/2025 11:51:38 EDT
Cleanspark Inc,CLSK,Buy,Filled,50,50,@10.10,10.10,DAY,09/15/2025 09:49:55 EDT,09/15/2025 10:23:56 EDT
Super Group (SGHC) Ltd,SGHC,Buy,Filled,25,25,@12.66,12.66,DAY,09/15/2025 09:31:39 EDT,09/15/2025 09:33:28 EDT
Serve Robotics,SERV,Buy,Filled,50,50,@12.61,12.61,DAY,09/15/2025 05:54:30 EDT,09/15/2025 09:27:34 EDT
AdvisorShares Pure US Cannabis ETF,MSOS,Buy,Filled,75,75,@4.26,4.26,DAY,09/12/2025 19:49:59 EDT,09/12/2025 19:49:59 EDT
Summit Therapeutics Inc,SMMT,Buy,Filled,20,20,@18.85,18.85,DAY,09/12/2025 12:09:47 EDT,09/12/2025 12:09:47 EDT
AdvisorShares Pure US Cannabis ETF,MSOS,Buy,Filled,25,25,@4.36,4.36,DAY,09/12/2025 11:07:00 EDT,09/12/2025 11:07:00 EDT
AdvisorShares Pure US Cannabis ETF,MSOS,Buy,Filled,25,25,@4.36,4.36,DAY,09/12/2025 11:06:36 EDT,09/12/2025 11:06:36 EDT
Serve Robotics,SERV,Short,Filled,25,25,@12.49,12.49,DAY,09/12/2025 10:49:03 EDT,09/12/2025 10:49:03 EDT
Super Group (SGHC) Ltd,SGHC,Buy,Filled,50,50,@12.79,12.79,DAY,09/12/2025 10:46:38 EDT,09/12/2025 10:46:38 EDT
Serve Robotics,SERV,Short,Filled,25,25,@12.71,12.71,DAY,09/12/2025 09:45:24 EDT,09/12/2025 09:45:43 EDT
DeFi Development Corp,DFDV,Sell,Filled,25,25,@17.17,17.17,DAY,09/12/2025 09:05:45 EDT,09/12/2025 09:05:45 EDT
Uber Technologies,UBER,Sell,Filled,10,10,@96.00,96.00,DAY,09/12/2025 07:00:39 EDT,09/12/2025 11:24:19 EDT
SOUNDHOUND AI INC,SOUN,Sell,Filled,30,30,@14.87,14.87,DAY,09/11/2025 15:11:25 EDT,09/11/2025 15:11:25 EDT
Summit Therapeutics Inc,SMMT,Buy,Filled,20,20,@18.06,18.06,DAY,09/11/2025 12:52:04 EDT,09/11/2025 12:52:04 EDT
Serve Robotics,SERV,Sell,Filled,20,20,@12.06,12.06,DAY,09/11/2025 12:25:38 EDT,09/11/2025 12:25:38 EDT
DeFi Development Corp,DFDV,Buy,Filled,25,25,@16.90,16.90,DAY,09/11/2025 10:45:56 EDT,09/11/2025 10:45:56 EDT
Cleanspark Inc,CLSK,Buy,Filled,50,50,@10.37,10.37,DAY,09/11/2025 10:40:27 EDT,09/11/2025 10:40:27 EDT
SOUNDHOUND AI INC,SOUN,Sell,Filled,85,85,@14.85,14.85,DAY,09/11/2025 09:38:25 EDT,09/11/2025 14:00:01 EDT
Serve Robotics,SERV,Sell,Filled,30,30,@11.95,11.95,DAY,09/11/2025 09:37:38 EDT,09/11/2025 12:15:25 EDT
Serve Robotics,SERV,Sell,Filled,50,50,@11.66,11.66,DAY,09/11/2025 09:36:58 EDT,09/11/2025 09:40:53 EDT
Serve Robotics,SERV,Buy,Filled,50,50,@11.39,11.39,DAY,09/11/2025 09:33:47 EDT,09/11/2025 09:33:48 EDT
SOUNDHOUND AI INC,SOUN,Buy,Filled,25,25,@14.17,14.17,DAY,09/11/2025 09:31:54 EDT,09/11/2025 09:31:58 EDT
SOUNDHOUND AI INC,SOUN,Buy,Filled,15,15,@14.35,14.35,DAY,09/10/2025 10:03:11 EDT,09/10/2025 10:03:11 EDT
SOUNDHOUND AI INC,SOUN,Sell,Filled,25,25,@14.94,14.94,DAY,09/10/2025 08:18:40 EDT,09/10/2025 08:18:40 EDT
SOUNDHOUND AI INC,SOUN,Sell,Filled,20,20,@15.07,15.07,DAY,09/10/2025 06:56:37 EDT,09/10/2025 06:56:37 EDT
Uber Technologies,UBER,Sell,Filled,10,10,@95.26,95.26,DAY,09/10/2025 06:41:27 EDT,09/10/2025 06:41:27 EDT
Serve Robotics,SERV,Sell,Filled,50,50,@11.05,11.05,DAY,09/10/2025 06:21:11 EDT,09/10/2025 06:21:11 EDT
Serve Robotics,SERV,Buy,Filled,75,75,@10.67,10.67,DAY,09/09/2025 14:00:23 EDT,09/09/2025 14:00:23 EDT
Serve Robotics,SERV,Buy,Filled,25,25,@10.28,10.28,DAY,09/09/2025 08:28:31 EDT,09/09/2025 09:31:14 EDT
SOUNDHOUND AI INC,SOUN,Buy,Filled,100,100,@14.17,14.17,DAY,09/08/2025 08:40:04 EDT,09/08/2025 09:50:51 EDT
ASP Isotopes,ASPI,Buy,Filled,100,100,@8.20,8.20,DAY,09/05/2025 16:42:43 EDT,09/05/2025 16:42:43 EDT
SOUNDHOUND AI INC,SOUN,Sell,Filled,10,10,@14.27,14.27,DAY,09/05/2025 15:35:56 EDT,09/05/2025 15:36:53 EDT
SOUNDHOUND AI INC,SOUN,Sell,Filled,30,30,@13.82,13.82,DAY,09/05/2025 13:02:23 EDT,09/05/2025 13:02:23 EDT
AdvisorShares Pure US Cannabis ETF,MSOS,Short,Filled,50,50,@4.63,4.63,DAY,09/05/2025 09:45:12 EDT,09/05/2025 09:46:31 EDT
ProShares UltraShort Energy,DUG,Sell,Filled,10,10,@34.79,34.79,DAY,09/05/2025 09:32:33 EDT,09/05/2025 09:43:36 EDT
ProShares UltraPro Dow30,UDOW,Sell,Filled,17,17,@101.43,101.43,DAY,09/04/2025 10:56:26 EDT,09/04/2025 10:56:26 EDT
ProShares UltraShort Energy,DUG,Buy,Filled,10,10,@35.00,35.00,DAY,09/04/2025 08:05:56 EDT,09/04/2025 08:05:57 EDT
ProShares UltraPro Dow30,UDOW,Buy,Filled,17,17,@99.39,99.39,DAY,09/03/2025 13:27:53 EDT,09/03/2025 13:35:00 EDT
ASP Isotopes,ASPI,Short,Filled,100,100,@7.97,7.97,DAY,09/03/2025 13:22:41 EDT,09/03/2025 13:22:41 EDT
ASP Isotopes,ASPI,Sell,Filled,100,100,@8.00,8.00,DAY,09/03/2025 13:22:18 EDT,09/03/2025 13:22:18 EDT
ASP Isotopes,ASPI,Buy,Filled,100,100,@8.39,8.39,DAY,09/03/2025 09:39:39 EDT,09/03/2025 09:39:39 EDT
Serve Robotics,SERV,Sell,Filled,100,100,@10.04,10.04,DAY,09/03/2025 08:53:35 EDT,09/03/2025 13:27:37 EDT
Tharimmune Inc,THAR,Sell,Filled,100,100,@4.60,4.60,DAY,09/03/2025 06:25:42 EDT,09/03/2025 13:24:10 EDT
Serve Robotics,SERV,Buy,Filled,100,100,@10.33,10.33,DAY,09/02/2025 17:18:58 EDT,09/02/2025 18:13:29 EDT
APA Corp (US),APA,Buy,Filled,70,70,@23.85,23.85,DAY,09/02/2025 16:27:18 EDT,09/02/2025 16:29:49 EDT
Tharimmune Inc,THAR,Buy,Filled,100,100,@5.48,5.48,DAY,09/02/2025 14:19:07 EDT,09/02/2025 14:20:16 EDT
SOUNDHOUND AI INC,SOUN,Buy,Filled,25,25,@12.43,12.43,DAY,09/02/2025 12:51:39 EDT,09/02/2025 12:51:39 EDT
AdvisorShares Pure US Cannabis ETF,MSOS,Short,Filled,75,75,@5.18,5.18,DAY,09/02/2025 12:51:11 EDT,09/02/2025 12:52:09 EDT
Uber Technologies,UBER,Buy,Filled,10,10,@92.34,92.34,DAY,09/02/2025 12:05:03 EDT,09/02/2025 12:06:03 EDT
ProShares UltraPro Dow30,UDOW,Sell,Filled,25,25,@99.39,99.39,DAY,09/02/2025 11:19:10 EDT,09/02/2025 11:19:10 EDT
ProShares UltraPro QQQ,TQQQ,Sell,Filled,15,15,@85.12,85.12,DAY,09/02/2025 11:18:30 EDT,09/02/2025 11:18:31 EDT
Uber Technologies,UBER,Buy,Filled,10,10,@93.35,93.35,DAY,09/02/2025 11:12:10 EDT,09/02/2025 11:12:10 EDT
ProShares UltraPro Dow30,UDOW,Buy,Filled,3,3,@100.28,100.28,DAY,09/02/2025 10:31:02 EDT,09/02/2025 10:31:44 EDT
APA Corp (US),APA,Short,Filled,30,30,@23.51,23.51,DAY,09/02/2025 10:26:33 EDT,09/02/2025 10:26:34 EDT
ProShares UltraPro Dow30,UDOW,Buy,Filled,10,10,@99.88,99.88,DAY,09/02/2025 10:25:45 EDT,09/02/2025 10:25:45 EDT
Apple Inc,AAPL,Sell,Filled,15,15,@230.22,230.22,DAY,09/02/2025 09:59:05 EDT,09/02/2025 09:59:05 EDT
AdvisorShares Pure US Cannabis ETF,MSOS,Sell,Filled,50,50,@5.29,5.29,DAY,09/02/2025 09:47:38 EDT,09/02/2025 09:48:03 EDT
Delek Us Hldgs Inc,DK,Buy,Filled,20,20,@28.18,28.18,DAY,09/02/2025 09:36:26 EDT,09/02/2025 09:36:27 EDT
APA Corp (US),APA,Short,Filled,40,40,@23.34,23.34,DAY,09/02/2025 06:17:52 EDT,09/02/2025 06:17:52 EDT
ProShares UltraPro QQQ,TQQQ,Buy,Filled,5,5,@89.75,89.75,DAY,08/29/2025 10:39:13 EDT,08/29/2025 10:40:03 EDT
AdvisorShares Pure US Cannabis ETF,MSOS,Sell,Filled,25,25,@5.91,5.91,DAY,08/28/2025 12:13:19 EDT,08/28/2025 12:13:19 EDT
ProShares UltraPro QQQ,TQQQ,Buy,Filled,10,10,@91.84,91.84,DAY,08/28/2025 12:01:37 EDT,08/28/2025 12:01:38 EDT
AdvisorShares Pure US Cannabis ETF,MSOS,Sell,Filled,25,25,@5.96,5.96,DAY,08/28/2025 11:58:11 EDT,08/28/2025 12:00:12 EDT
Delek Us Hldgs Inc,DK,Short,Filled,20,20,@27.10,27.10,DAY,08/28/2025 11:34:02 EDT,08/28/2025 11:34:02 EDT
AdvisorShares Pure US Cannabis ETF,MSOS,Sell,Filled,33,33,@5.95,5.95,DAY,08/28/2025 10:57:46 EDT,08/28/2025 11:38:04 EDT
Apple Inc,AAPL,Buy,Filled,5,5,@230.73,230.73,DAY,08/28/2025 10:07:20 EDT,08/28/2025 10:07:21 EDT
SOUNDHOUND AI INC,SOUN,Buy,Filled,35,35,@12.18,12.18,DAY,08/28/2025 09:44:03 EDT,08/28/2025 09:44:03 EDT
ProShares UltraPro Dow30,UDOW,Buy,Cancelled,0,4,@102.32,,DAY,08/27/2025 18:33:35 EDT,
AdvisorShares Pure US Cannabis ETF,MSOS,Buy,Filled,25,25,@5.54,5.54,DAY,08/27/2025 18:32:53 EDT,08/27/2025 18:32:53 EDT
SOUNDHOUND AI INC,SOUN,Sell,Filled,50,50,@11.80,11.80,DAY,08/27/2025 16:44:50 EDT,08/27/2025 16:44:50 EDT
AdvisorShares Pure US Cannabis ETF,MSOS,Buy,Filled,8,8,@5.19,5.19,DAY,08/26/2025 13:03:46 EDT,08/26/2025 13:03:46 EDT
ProShares UltraPro Dow30,UDOW,Buy,Filled,12,12,@100.70,100.70,DAY,08/26/2025 09:33:42 EDT,08/26/2025 09:33:43 EDT
Bilibili,BILI,Sell,Filled,30,30,@22.96,22.96,DAY,08/26/2025 09:32:46 EDT,08/26/2025 09:32:46 EDT
AdvisorShares Pure US Cannabis ETF,MSOS,Buy,Filled,25,25,@5.39,5.39,DAY,08/26/2025 07:16:10 EDT,08/26/2025 07:16:10 EDT
AdvisorShares Pure US Cannabis ETF,MSOS,Buy,Filled,75,75,@5.35,5.35,DAY,08/26/2025 06:41:21 EDT,08/26/2025 06:41:21 EDT
Canadian Pacific Kansas City Limited,CP,Sell,Filled,10,10,@73.50,73.50,DAY,08/26/2025 06:01:04 EDT,08/26/2025 07:15:19 EDT
Weibo,WB,Buy,Filled,1,1,@11.52,11.52,DAY,08/26/2025 06:00:50 EDT,08/26/2025 06:00:50 EDT
Weibo,WB,Short,Cancelled,1,30,@11.58,11.58,DAY,08/25/2025 15:13:51 EDT,08/25/2025 19:01:01 EDT
Bilibili,BILI,Buy,Filled,30,30,@23.33,23.33,DAY,08/25/2025 15:05:24 EDT,08/25/2025 15:05:49 EDT
SOUNDHOUND AI INC,SOUN,Buy,Filled,50,50,@12.32,12.32,DAY,08/25/2025 14:36:26 EDT,08/25/2025 14:36:26 EDT
ProShares UltraPro Dow30,UDOW,Buy,Cancelled,0,10,@100.35,,DAY,08/25/2025 10:15:57 EDT,
Canadian Pacific Kansas City Limited,CP,Buy,Filled,10,10,@73.80,73.80,DAY,08/25/2025 10:05:51 EDT,08/25/2025 10:06:36 EDT
Palantir Technologies Inc,PLTR,Buy,Filled,10,10,@152.05,152.05,DAY,08/25/2025 09:57:53 EDT,08/25/2025 09:57:53 EDT
Palantir Technologies Inc,PLTR,Short,Filled,10,10,@150.18,150.18,DAY,08/25/2025 09:53:00 EDT,08/25/2025 09:53:00 EDT
Apple Inc,AAPL,Buy,Filled,10,10,@228.48,228.48,DAY,08/25/2025 09:47:19 EDT,08/25/2025 09:48:21 EDT
Palantir Technologies Inc,PLTR,Sell,Filled,10,10,@151.11,151.11,DAY,08/25/2025 09:44:08 EDT,08/25/2025 09:44:09 EDT
Delek Us Hldgs Inc,DK,Sell,Filled,35,35,@25.21,25.21,DAY,08/25/2025 09:40:42 EDT,08/25/2025 09:48:19 EDT
ProShares UltraPro QQQ,TQQQ,Sell,Filled,10,10,@89.37,89.37,DAY,08/25/2025 07:05:40 EDT,08/25/2025 07:05:40 EDT
Delek Us Hldgs Inc,DK,Buy,Filled,10,10,@21.70,21.70,DAY,08/22/2025 11:11:52 EDT,08/22/2025 11:12:10 EDT
Delek Us Hldgs Inc,DK,Buy,Cancelled,0,5,@21.55,,DAY,08/22/2025 11:09:00 EDT,
Delek Us Hldgs Inc,DK,Buy,Filled,5,5,@21.99,21.99,DAY,08/22/2025 11:08:04 EDT,08/22/2025 11:08:04 EDT
Walmart,WMT,Sell,Filled,10,10,@98.07,98.07,DAY,08/22/2025 10:59:57 EDT,08/22/2025 11:00:00 EDT
Palantir Technologies Inc,PLTR,Buy,Filled,10,10,@160.97,160.97,DAY,08/22/2025 10:58:22 EDT,08/22/2025 10:58:23 EDT
ProShares UltraPro QQQ,TQQQ,Buy,Filled,10,10,@91.08,91.08,DAY,08/22/2025 10:47:16 EDT,08/22/2025 10:47:16 EDT
ProShares UltraPro Dow30,UDOW,Buy,Cancelled,0,5,@100.25,,DAY,08/22/2025 10:27:45 EDT,
Uber Technologies,UBER,Sell,Filled,2,2,@96.53,96.53,DAY,08/22/2025 10:26:39 EDT,08/22/2025 10:29:24 EDT
Uber Technologies,UBER,Sell,Filled,8,8,@96.50,96.50,DAY,08/22/2025 10:18:12 EDT,08/22/2025 10:25:32 EDT
Delek Us Hldgs Inc,DK,Buy,Filled,20,20,@22.55,22.55,DAY,08/22/2025 09:45:27 EDT,08/22/2025 09:45:27 EDT
APA Corp (US),APA,Buy,Filled,50,50,@20.97,20.97,DAY,08/22/2025 09:44:05 EDT,08/22/2025 09:44:05 EDT
Corteva Inc,CTVA,Sell,Filled,15,15,@73.28,73.28,DAY,08/22/2025 09:38:59 EDT,08/22/2025 09:38:59 EDT
Walmart,WMT,Sell,Cancelled,0,5,@99.06,,DAY,08/22/2025 09:37:27 EDT,
Uber Technologies,UBER,Sell,Filled,10,10,@96.52,96.52,DAY,08/22/2025 09:36:17 EDT,08/22/2025 10:03:12 EDT
Walmart,WMT,Buy,Filled,10,10,@97.53,97.53,DAY,08/22/2025 08:01:09 EDT,08/22/2025 08:01:12 EDT
Expand Energy,EXE,Buy,Filled,15,15,@95.69,95.69,DAY,08/21/2025 17:59:57 EDT,08/21/2025 17:59:57 EDT
Par Pcifc Hldngs,PARR,Short,Cancelled,0,20,@30.60,,DAY,08/21/2025 17:24:24 EDT,
Expand Energy,EXE,Short,Filled,3,3,@95.31,95.31,DAY,08/21/2025 14:37:54 EDT,08/21/2025 14:37:54 EDT
Us Bancorp,USB,Sell,Filled,20,20,@46.31,46.31,DAY,08/21/2025 14:35:34 EDT,08/21/2025 14:35:48 EDT
Corteva Inc,CTVA,Buy,Filled,15,15,@72.90,72.90,DAY,08/21/2025 08:59:09 EDT,08/21/2025 08:59:09 EDT
ProShares UltraPro Dow30,UDOW,Sell,Filled,11,11,@97.29,97.29,DAY,08/21/2025 06:27:08 EDT,08/21/2025 06:27:19 EDT
Expand Energy,EXE,Short,Filled,2,2,@94.01,94.01,DAY,08/20/2025 17:42:19 EDT,08/20/2025 18:20:08 EDT
Us Bancorp,USB,Buy,Filled,20,20,@46.15,46.15,DAY,08/20/2025 13:04:53 EDT,08/20/2025 13:05:05 EDT
Best Buy Inc,BBY,Sell,Filled,10,10,@72.43,72.43,DAY,08/20/2025 13:01:22 EDT,08/20/2025 13:01:22 EDT
Uber Technologies,UBER,Buy,Cancelled,0,5,@90.49,,DAY,08/20/2025 10:55:34 EDT,
Uber Technologies,UBER,Buy,Filled,5,5,@92.80,92.80,DAY,08/20/2025 09:58:15 EDT,08/20/2025 09:59:59 EDT
ProShares UltraPro Dow30,UDOW,Sell,Cancelled,0,11,@99.63,,DAY,08/20/2025 07:17:36 EDT,
Uber Technologies,UBER,Sell,Cancelled,0,5,@96.99,,DAY,08/20/2025 07:06:32 EDT,
Expand Energy,EXE,Short,Filled,5,5,@93.05,93.05,DAY,08/20/2025 06:42:30 EDT,08/20/2025 06:57:53 EDT
Expand Energy,EXE,Short,Filled,5,5,@93.05,93.05,DAY,08/20/2025 06:42:09 EDT,08/20/2025 06:42:10 EDT
Ionis Pharmaceuticals,IONS,Sell,Filled,15,15,@42.49,42.49,DAY,08/20/2025 06:41:00 EDT,08/20/2025 07:00:35 EDT
Best Buy Inc,BBY,Buy,Filled,10,10,@74.10,74.10,DAY,08/19/2025 16:22:31 EDT,08/19/2025 16:22:31 EDT
Uber Technologies,UBER,Sell,Cancelled,0,5,@96.61,,DAY,08/19/2025 11:32:18 EDT,
Uber Technologies,UBER,Sell,Filled,5,5,@95.95,95.95,DAY,08/19/2025 10:39:24 EDT,08/19/2025 11:26:27 EDT
Uber Technologies,UBER,Sell,Filled,5,5,@95.34,95.34,DAY,08/19/2025 10:19:11 EDT,08/19/2025 10:19:22 EDT
ProShares UltraPro Dow30,UDOW,Buy,Filled,11,11,@98.69,98.69,DAY,08/18/2025 09:19:37 EDT,08/18/2025 09:19:38 EDT
Expand Energy,EXE,Short,Cancelled,0,10,@95.00,,DAY,08/18/2025 09:06:31 EDT,
Expand Energy,EXE,Buy,Filled,10,10,@95.82,95.82,DAY,08/18/2025 09:00:43 EDT,08/18/2025 09:00:43 EDT
Ionis Pharmaceuticals,IONS,Buy,Filled,5,5,@43.90,43.90,DAY,08/18/2025 08:26:04 EDT,08/18/2025 08:26:04 EDT
Expand Energy,EXE,Short,Filled,10,10,@94.70,94.70,DAY,08/18/2025 07:55:11 EDT,08/18/2025 08:55:35 EDT
Corteva Inc,CTVA,Sell,Filled,15,15,@71.76,71.76,DAY,08/18/2025 06:01:08 EDT,08/18/2025 06:01:08 EDT
Ionis Pharmaceuticals,IONS,Buy,Filled,10,10,@43.13,43.13,DAY,08/15/2025 10:08:34 EDT,08/15/2025 10:14:29 EDT
Uber Technologies,UBER,Buy,Filled,5,5,@92.80,92.80,DAY,08/15/2025 10:06:59 EDT,08/15/2025 10:06:59 EDT
Cisco Sys Inc,CSCO,Sell,Filled,20,20,@67.20,67.20,DAY,08/15/2025 10:05:33 EDT,08/15/2025 10:05:34 EDT
Corteva Inc,CTVA,Buy,Filled,14,14,@71.87,71.87,DAY,08/15/2025 05:32:21 EDT,08/15/2025 05:56:33 EDT
Corteva Inc,CTVA,Buy,Cancelled,1,15,@71.51,71.51,DAY,08/14/2025 18:18:12 EDT,08/14/2025 18:58:24 EDT
The Campbell's Company,CPB,Buy,Filled,20,20,@32.60,32.60,DAY,08/14/2025 18:06:47 EDT,08/14/2025 18:06:47 EDT
Cisco Sys Inc,CSCO,Buy,Filled,10,10,@69.33,69.33,DAY,08/14/2025 11:24:07 EDT,08/14/2025 11:24:07 EDT
iShares US Aerospace & Defense ETF,ITA,Sell,Filled,10,10,@196.52,196.52,DAY,08/14/2025 11:23:59 EDT,08/14/2025 11:23:59 EDT
Cisco Sys Inc,CSCO,Buy,Filled,10,10,@70.55,70.55,DAY,08/14/2025 10:16:52 EDT,08/14/2025 10:16:52 EDT
Ionis Pharmaceuticals,IONS,Sell,Filled,5,5,@42.50,42.50,DAY,08/14/2025 09:48:02 EDT,08/14/2025 09:48:18 EDT
Ionis Pharmaceuticals,IONS,Sell,Filled,5,5,@43.10,43.10,DAY,08/13/2025 18:07:43 EDT,08/13/2025 18:46:25 EDT
iShares US Aerospace & Defense ETF,ITA,Buy,Filled,10,10,@194.64,194.64,DAY,08/13/2025 13:18:48 EDT,08/13/2025 13:18:49 EDT
Ionis Pharmaceuticals,IONS,Sell,Filled,15,15,@42.71,42.71,DAY,08/13/2025 13:16:49 EDT,08/13/2025 13:16:49 EDT
Ionis Pharmaceuticals,IONS,Sell,Filled,7,7,@42.56,42.56,DAY,08/13/2025 12:25:07 EDT,08/13/2025 12:25:07 EDT
Uber Technologies,UBER,Buy,Filled,2,2,@90.35,90.35,DAY,08/13/2025 10:12:03 EDT,08/13/2025 10:12:07 EDT
Alliant Energy Corp,LNT,Buy,Cancelled,0,10,@64.49,,DAY,08/13/2025 08:37:10 EDT,
Eversource Energ,ES,Sell,Filled,8,8,@65.82,65.82,DAY,08/13/2025 07:42:29 EDT,08/13/2025 07:42:29 EDT
Uber Technologies,UBER,Buy,Filled,3,3,@92.20,92.20,DAY,08/13/2025 07:36:27 EDT,08/13/2025 07:36:27 EDT
APA Corp (US),APA,Short,Filled,10,10,@20.46,20.46,DAY,08/12/2025 15:41:50 EDT,08/12/2025 15:43:50 EDT
The Campbell's Company,CPB,Short,Filled,5,5,@31.95,31.95,DAY,08/12/2025 14:58:53 EDT,08/12/2025 15:01:50 EDT
Edison Intl,EIX,Sell,Filled,10,10,@55.72,55.72,DAY,08/12/2025 13:28:50 EDT,08/12/2025 13:29:10 EDT
Ionis Pharmaceuticals,IONS,Buy,Filled,5,5,@40.40,40.40,DAY,08/12/2025 11:12:47 EDT,08/12/2025 11:12:50 EDT
The Campbell's Company,CPB,Short,Filled,5,5,@32.47,32.47,DAY,08/12/2025 10:50:29 EDT,08/12/2025 10:50:29 EDT
Ionis Pharmaceuticals,IONS,Buy,Filled,5,5,@40.62,40.62,DAY,08/12/2025 10:49:35 EDT,08/12/2025 10:49:37 EDT
APA Corp (US),APA,Short,Filled,10,10,@20.32,20.32,DAY,08/12/2025 10:08:55 EDT,08/12/2025 10:08:55 EDT
ConocoPhillips,COP,Sell,Filled,5,5,@95.77,95.77,DAY,08/12/2025 10:05:37 EDT,08/12/2025 10:08:24 EDT
ConocoPhillips,COP,Sell,Filled,5,5,@95.58,95.58,DAY,08/12/2025 10:05:26 EDT,08/12/2025 10:05:26 EDT
Uber Technologies,UBER,Buy,Filled,3,3,@91.36,91.36,DAY,08/12/2025 08:41:27 EDT,08/12/2025 08:42:18 EDT
Ionis Pharmaceuticals,IONS,Buy,Cancelled,1,10,@40.84,40.84,DAY,08/12/2025 08:22:10 EDT,08/12/2025 09:13:45 EDT
Cisco Sys Inc,CSCO,Buy,Cancelled,0,10,@69.28,,DAY,08/12/2025 08:19:15 EDT,
Uber Technologies,UBER,Buy,Filled,12,12,@90.70,90.70,DAY,08/12/2025 08:15:20 EDT,08/12/2025 08:15:20 EDT
GEN DIGITAL INC,GEN,Sell,Filled,8,8,@30.98,30.98,DAY,08/12/2025 08:14:16 EDT,08/12/2025 08:40:50 EDT
APA Corp (US),APA,Short,Filled,30,30,@19.90,19.90,DAY,08/12/2025 08:13:33 EDT,08/12/2025 08:30:01 EDT
The Campbell's Company,CPB,Short,Filled,10,10,@32.08,32.08,DAY,08/12/2025 07:17:51 EDT,08/12/2025 07:17:51 EDT
GEN DIGITAL INC,GEN,Sell,Cancelled,10,18,@30.77,30.77,DAY,08/12/2025 07:01:32 EDT,08/12/2025 08:08:35 EDT
ProShares UltraPro Dow30,UDOW,Sell,Filled,10,10,@92.73,92.73,DAY,08/12/2025 06:19:01 EDT,08/12/2025 06:19:11 EDT
Ionis Pharmaceuticals,IONS,Buy,Filled,1,1,@41.03,41.03,DAY,08/11/2025 13:53:21 EDT,08/11/2025 13:53:21 EDT
GEN DIGITAL INC,GEN,Buy,Filled,18,18,@30.94,30.94,DAY,08/11/2025 13:50:09 EDT,08/11/2025 13:50:34 EDT
ConocoPhillips,COP,Buy,Cancelled,0,5,@92.61,,DAY,08/11/2025 13:19:41 EDT,
ConocoPhillips,COP,Buy,Filled,10,10,@93.58,93.58,DAY,08/11/2025 11:20:54 EDT,08/11/2025 11:21:23 EDT
iShares US Aerospace & Defense ETF,ITA,Sell,Filled,7,7,@196.48,196.48,DAY,08/11/2025 10:27:08 EDT,08/11/2025 10:27:10 EDT
ProShares UltraPro Dow30,UDOW,Buy,Filled,10,10,@93.86,93.86,DAY,08/11/2025 09:44:37 EDT,08/11/2025 09:44:37 EDT
Ionis Pharmaceuticals,IONS,Sell,Cancelled,0,20,@43.11,,DAY,08/11/2025 08:51:51 EDT,
ConocoPhillips,COP,Buy,Cancelled,0,10,@92.41,,DAY,08/11/2025 07:58:32 EDT,
iShares Gold Trust,IAU,Buy,Cancelled,0,10,@63.18,,DAY,08/11/2025 07:55:20 EDT,
Edison Intl,EIX,Buy,Filled,10,10,@53.95,53.95,DAY,08/11/2025 07:53:57 EDT,08/11/2025 09:05:47 EDT
Eversource Energ,ES,Buy,Filled,8,8,@65.39,65.39,DAY,08/11/2025 07:53:20 EDT,08/11/2025 09:05:25 EDT
iShares US Aerospace & Defense ETF,ITA,Sell,Filled,1,1,@196.61,196.61,DAY,08/11/2025 06:22:59 EDT,08/11/2025 06:22:59 EDT
iShares US Aerospace & Defense ETF,ITA,Sell,Filled,2,2,@196.61,196.61,DAY,08/11/2025 06:22:37 EDT,08/11/2025 06:22:37 EDT
Cvs Health Corp,CVS,Sell,Filled,14,14,@65.58,65.58,DAY,08/11/2025 06:21:49 EDT,08/11/2025 06:26:19 EDT
Toast Inc,TOST,Sell,Filled,15,15,@43.20,43.20,DAY,08/11/2025 06:21:13 EDT,08/11/2025 06:21:13 EDT
Cvs Health Corp,CVS,Buy,Filled,4,4,@64.96,64.96,DAY,08/08/2025 12:34:23 EDT,08/08/2025 12:34:24 EDT
Cvs Health Corp,CVS,Buy,Filled,10,10,@64.86,64.86,DAY,08/08/2025 12:09:31 EDT,08/08/2025 12:09:31 EDT
Ionis Pharmaceuticals,IONS,Buy,Filled,11,11,@41.15,41.15,DAY,08/08/2025 10:38:20 EDT,08/08/2025 10:38:35 EDT
Uber Technologies,UBER,Sell,Filled,14,14,@91.89,91.89,DAY,08/08/2025 10:33:29 EDT,08/08/2025 10:34:00 EDT
Uber Technologies,UBER,Buy,Filled,4,4,@93.00,93.00,DAY,08/08/2025 10:18:00 EDT,08/08/2025 10:18:00 EDT
Uber Technologies,UBER,Buy,Filled,10,10,@92.74,92.74,DAY,08/08/2025 10:10:38 EDT,08/08/2025 10:16:34 EDT
ProShares UltraPro QQQ,TQQQ,Sell,Filled,15,15,@91.64,91.64,DAY,08/08/2025 09:39:01 EDT,08/08/2025 10:09:30 EDT
iShares US Aerospace & Defense ETF,ITA,Sell,Cancelled,0,10,@199.98,,DAY,08/08/2025 09:35:47 EDT,
Ionis Pharmaceuticals,IONS,Buy,Filled,9,9,@41.05,41.05,DAY,08/08/2025 08:13:39 EDT,08/08/2025 09:23:53 EDT
Toast Inc,TOST,Buy,Filled,15,15,@45.79,45.79,DAY,08/08/2025 08:11:52 EDT,08/08/2025 08:11:53 EDT
Monster Beverage Corp,MNST,Sell,Filled,17,17,@65.50,65.50,DAY,08/08/2025 06:00:57 EDT,08/08/2025 06:07:42 EDT
James Hardie,JHX,Sell,Filled,11,11,@27.83,27.83,DAY,08/07/2025 11:55:30 EDT,08/07/2025 11:56:09 EDT
iShares US Aerospace & Defense ETF,ITA,Buy,Filled,10,10,@195.59,195.59,DAY,08/07/2025 11:54:44 EDT,08/07/2025 11:54:53 EDT
ProShares UltraPro QQQ,TQQQ,Buy,Filled,15,15,@89.90,89.90,DAY,08/07/2025 11:54:32 EDT,08/07/2025 11:54:51 EDT
Cvs Health Corp,CVS,Sell,Filled,12,12,@62.66,62.66,DAY,08/07/2025 11:53:07 EDT,08/07/2025 11:53:51 EDT
Toast Inc,TOST,Sell,Filled,30,30,@44.89,44.89,DAY,08/07/2025 11:52:48 EDT,08/07/2025 11:52:48 EDT
Monster Beverage Corp,MNST,Buy,Filled,10,10,@60.23,60.23,DAY,08/07/2025 11:26:09 EDT,08/07/2025 11:26:09 EDT
Toast Inc,TOST,Buy,Filled,6,6,@46.02,46.02,DAY,08/07/2025 11:25:26 EDT,08/07/2025 11:25:26 EDT
ProShares UltraPro Dow30,UDOW,Sell,Filled,10,10,@92.36,92.36,DAY,08/07/2025 11:05:40 EDT,08/07/2025 11:05:42 EDT
ProShares UltraPro Dow30,UDOW,Sell,Filled,8,8,@95.53,95.53,DAY,08/07/2025 09:21:20 EDT,08/07/2025 09:21:22 EDT
Toast Inc,TOST,Buy,Filled,9,9,@45.83,45.83,DAY,08/06/2025 14:20:12 EDT,08/06/2025 14:20:15 EDT
ProShares UltraPro Dow30,UDOW,Sell,Filled,5,5,@94.27,94.27,DAY,08/06/2025 14:19:56 EDT,08/06/2025 14:19:56 EDT
James Hardie,JHX,Buy,Filled,6,6,@27.70,27.70,DAY,08/06/2025 14:00:12 EDT,08/06/2025 14:00:12 EDT
ProShares UltraPro Dow30,UDOW,Buy,Filled,5,5,@94.28,94.28,DAY,08/06/2025 13:59:42 EDT,08/06/2025 13:59:43 EDT
Toast Inc,TOST,Buy,Filled,5,5,@45.46,45.46,DAY,08/06/2025 13:58:40 EDT,08/06/2025 13:58:40 EDT
Toast Inc,TOST,Buy,Filled,10,10,@45.48,45.48,DAY,08/06/2025 13:58:21 EDT,08/06/2025 13:58:29 EDT
James Hardie,JHX,Buy,Cancelled,0,30,@27.42,,DAY,08/06/2025 13:52:49 EDT,
Cvs Health Corp,CVS,Buy,Filled,12,12,@63.52,63.52,DAY,08/06/2025 13:49:24 EDT,08/06/2025 13:49:40 EDT
Ionis Pharmaceuticals,IONS,Sell,Filled,20,20,@40.95,40.95,DAY,08/06/2025 13:48:25 EDT,08/06/2025 13:48:37 EDT
ProShares UltraPro QQQ,TQQQ,Sell,Filled,5,5,@88.36,88.36,DAY,08/06/2025 13:47:29 EDT,08/06/2025 13:47:29 EDT
James Hardie,JHX,Sell,Filled,10,10,@28.00,28.00,DAY,08/06/2025 09:36:23 EDT,08/06/2025 09:36:23 EDT
Ionis Pharmaceuticals,IONS,Sell,Cancelled,0,10,@44.93,,DAY,08/06/2025 09:20:44 EDT,
Monster Beverage Corp,MNST,Buy,Filled,7,7,@59.04,59.04,DAY,08/06/2025 08:47:02 EDT,08/06/2025 09:31:59 EDT
Ionis Pharmaceuticals,IONS,Sell,Cancelled,0,5,@44.25,,DAY,08/06/2025 08:44:57 EDT,
ProShares UltraPro QQQ,TQQQ,Buy,Filled,5,5,@86.84,86.84,DAY,08/05/2025 14:09:39 EDT,08/05/2025 14:09:39 EDT
James Hardie,JHX,Sell,Filled,15,15,@27.35,27.35,DAY,08/05/2025 13:37:21 EDT,08/05/2025 13:37:54 EDT
Ionis Pharmaceuticals,IONS,Buy,Filled,3,3,@43.15,43.15,DAY,08/05/2025 13:13:13 EDT,08/05/2025 13:13:13 EDT
ProShares UltraPro Dow30,UDOW,Buy,Filled,5,5,@94.00,94.00,DAY,08/05/2025 13:12:50 EDT,08/05/2025 13:13:06 EDT
Ionis Pharmaceuticals,IONS,Buy,Filled,5,5,@43.15,43.15,DAY,08/05/2025 13:11:48 EDT,08/05/2025 13:12:02 EDT
Semtech,SMTC,Sell,Filled,15,15,@50.87,50.87,DAY,08/05/2025 13:11:21 EDT,08/05/2025 13:11:21 EDT
iShares Gold Trust,IAU,Sell,Filled,15,15,@63.74,63.74,DAY,08/05/2025 13:09:55 EDT,08/05/2025 13:10:35 EDT
ProShares UltraPro Dow30,UDOW,Buy,Filled,2,2,@93.32,93.32,DAY,08/04/2025 12:42:49 EDT,08/04/2025 12:43:23 EDT
Semtech,SMTC,Buy,Filled,5,5,@50.80,50.80,DAY,08/04/2025 12:24:29 EDT,08/04/2025 12:24:29 EDT
Semtech,SMTC,Buy,Filled,10,10,@50.71,50.71,DAY,08/04/2025 12:20:45 EDT,08/04/2025 12:20:45 EDT
iShares Gold Trust,IAU,Sell,Filled,15,15,@63.65,63.65,DAY,08/04/2025 12:20:19 EDT,08/04/2025 12:20:19 EDT
iShares Gold Trust,IAU,Sell,Cancelled,0,10,@63.66,,DAY,08/04/2025 12:19:34 EDT,
ProShares UltraPro Dow30,UDOW,Buy,Filled,1,1,@93.21,93.21,DAY,08/04/2025 12:16:28 EDT,08/04/2025 12:17:58 EDT
James Hardie,JHX,Buy,Cancelled,0,5,@26.23,,DAY,08/04/2025 11:11:13 EDT,
Ionis Pharmaceuticals,IONS,Buy,Filled,12,12,@42.32,42.32,DAY,08/04/2025 11:01:36 EDT,08/04/2025 11:01:47 EDT
ProShares UltraPro Dow30,UDOW,Buy,Filled,10,10,@93.14,93.14,DAY,08/04/2025 11:00:39 EDT,08/04/2025 11:00:46 EDT
iShares US Aerospace & Defense ETF,ITA,Sell,Filled,8,8,@197.87,197.87,DAY,08/04/2025 10:59:02 EDT,08/04/2025 10:59:59 EDT
iShares US Aerospace & Defense ETF,ITA,Buy,Filled,8,8,@195.24,195.24,DAY,08/01/2025 13:00:01 EDT,08/01/2025 13:00:01 EDT
ProShares UltraPro Short QQQ,SQQQ,Buy,Cancelled,0,50,@19.53,,DAY,08/01/2025 12:59:16 EDT,
ProShares UltraPro Short QQQ,SQQQ,Sell,Filled,55,55,@19.21,19.21,DAY,08/01/2025 12:14:22 EDT,08/01/2025 12:14:27 EDT
ProShares UltraPro Short QQQ,SQQQ,Buy,Filled,55,55,@19.53,19.53,DAY,08/01/2025 09:51:24 EDT,08/01/2025 09:51:25 EDT
Kilroy Rlty Corp,KRC,Sell,Filled,30,30,@36.38,36.38,DAY,08/01/2025 09:50:58 EDT,08/01/2025 09:50:58 EDT
Schlumberger,SLB,Sell,Filled,15,15,@32.85,32.85,DAY,08/01/2025 09:49:59 EDT,08/01/2025 09:54:48 EDT
iShares Gold Trust,IAU,Buy,Filled,20,20,@63.12,63.12,DAY,08/01/2025 08:58:58 EDT,08/01/2025 09:13:54 EDT
Semtech,SMTC,Sell,Filled,10,10,@49.30,49.30,DAY,08/01/2025 06:38:33 EDT,08/01/2025 07:00:00 EDT
ProShares UltraPro QQQ,TQQQ,Sell,Filled,10,10,@85.27,85.27,DAY,08/01/2025 06:26:14 EDT,08/01/2025 06:26:27 EDT
Semtech,SMTC,Buy,Filled,10,10,@51.87,51.87,DAY,07/31/2025 11:46:03 EDT,07/31/2025 11:46:57 EDT
ProShares UltraPro QQQ,TQQQ,Buy,Filled,10,10,@90.75,90.75,DAY,07/31/2025 11:43:17 EDT,07/31/2025 11:43:43 EDT
Kilroy Rlty Corp,KRC,Buy,Filled,10,10,@37.20,37.20,DAY,07/31/2025 10:26:53 EDT,07/31/2025 10:27:09 EDT
Ionis Pharmaceuticals,IONS,Sell,Filled,20,20,@44.45,44.45,DAY,07/31/2025 08:50:17 EDT,07/31/2025 09:30:53 EDT
iShares Gold Trust,IAU,Buy,Filled,10,10,@62.30,62.30,DAY,07/31/2025 08:02:15 EDT,07/31/2025 08:02:15 EDT
Kilroy Rlty Corp,KRC,Buy,Filled,20,20,@37.09,37.09,DAY,07/31/2025 08:00:07 EDT,07/31/2025 08:00:23 EDT
Ionis Pharmaceuticals,IONS,Sell,Cancelled,0,20,@44.73,,DAY,07/31/2025 06:35:50 EDT,
ProShares UltraPro QQQ,TQQQ,Sell,Filled,18,18,@93.31,93.31,DAY,07/31/2025 06:35:33 EDT,07/31/2025 06:35:33 EDT
ProShares UltraPro QQQ,TQQQ,Buy,Filled,5,5,@89.46,89.46,DAY,07/30/2025 15:14:04 EDT,07/30/2025 15:14:34 EDT
ProShares UltraPro Dow30,UDOW,Sell,Filled,8,8,@95.53,95.53,DAY,07/30/2025 15:13:43 EDT,07/30/2025 15:13:43 EDT
ProShares UltraPro Dow30,UDOW,Buy,Filled,8,8,@97.22,97.22,DAY,07/30/2025 10:02:20 EDT,07/30/2025 10:02:20 EDT
Ionis Pharmaceuticals,IONS,Buy,Filled,20,20,@43.54,43.54,DAY,07/30/2025 10:01:30 EDT,07/30/2025 10:01:30 EDT
Cadence Bk,CADE,Sell,Filled,30,30,@35.56,35.56,DAY,07/29/2025 15:41:34 EDT,07/29/2025 15:42:19 EDT
Cadence Bk,CADE,Buy,Filled,10,10,@35.77,35.77,DAY,07/29/2025 15:14:34 EDT,07/29/2025 15:14:49 EDT
Ionis Pharmaceuticals,IONS,Sell,Filled,10,10,@41.54,41.54,DAY,07/29/2025 15:13:03 EDT,07/29/2025 15:13:03 EDT
Kilroy Rlty Corp,KRC,Sell,Filled,20,20,@38.63,38.63,DAY,07/29/2025 13:32:04 EDT,07/29/2025 13:32:56 EDT
ProShares UltraPro QQQ,TQQQ,Buy,Filled,3,3,@89.61,89.61,DAY,07/28/2025 12:11:29 EDT,07/28/2025 12:53:00 EDT
ProShares UltraPro QQQ,TQQQ,Buy,Filled,10,10,@90.00,90.00,DAY,07/28/2025 09:56:23 EDT,07/28/2025 09:56:25 EDT
Kilroy Rlty Corp,KRC,Buy,Filled,20,20,@36.67,36.67,DAY,07/28/2025 09:55:59 EDT,07/28/2025 13:24:19 EDT
iShares Gold Trust,IAU,Sell,Filled,20,20,@62.35,62.35,DAY,07/28/2025 09:55:14 EDT,07/28/2025 09:55:14 EDT
Cadence Bk,CADE,Buy,Filled,20,20,@36.39,36.39,DAY,07/28/2025 06:35:52 EDT,07/28/2025 09:31:30 EDT
iShares US Aerospace & Defense ETF,ITA,Sell,Filled,4,4,@198.19,198.19,DAY,07/25/2025 12:50:22 EDT,07/25/2025 13:00:16 EDT
iShares Gold Trust,IAU,Buy,Filled,20,20,@62.92,62.92,DAY,07/25/2025 10:26:11 EDT,07/25/2025 10:26:11 EDT
Semtech,SMTC,Buy,Cancelled,0,20,@52.53,,DAY,07/24/2025 16:42:57 EDT,
Uber Technologies,UBER,Sell,Filled,10,10,@91.72,91.72,DAY,07/24/2025 11:57:24 EDT,07/24/2025 11:57:24 EDT
Uber Technologies,UBER,Buy,Filled,10,10,@93.39,93.39,DAY,07/24/2025 09:55:51 EDT,07/24/2025 09:55:51 EDT
iShares US Aerospace & Defense ETF,ITA,Sell,Filled,5,5,@196.94,196.94,DAY,07/23/2025 15:41:55 EDT,07/23/2025 15:41:55 EDT
Schlumberger,SLB,Sell,Filled,15,15,@35.37,35.37,DAY,07/23/2025 13:01:45 EDT,07/23/2025 13:02:14 EDT
James Hardie,JHX,Sell,Cancelled,0,10,@28.00,,DAY,07/23/2025 09:13:03 EDT,
iShares US Aerospace & Defense ETF,ITA,Buy,Filled,3,3,@192.88,192.88,DAY,07/22/2025 10:58:02 EDT,07/22/2025 10:58:02 EDT
ARK Genomic Revolution ETF,ARKG,Sell,Filled,20,20,@25.69,25.69,DAY,07/22/2025 10:57:43 EDT,07/22/2025 10:58:02 EDT
iShares US Aerospace & Defense ETF,ITA,Buy,Filled,6,6,@192.02,192.02,DAY,07/22/2025 10:31:11 EDT,07/22/2025 10:31:11 EDT
Ionis Pharmaceuticals,IONS,Buy,Filled,10,10,@41.58,41.58,DAY,07/21/2025 12:22:21 EDT,07/21/2025 12:22:21 EDT
Schlumberger,SLB,Buy,Filled,10,10,@33.88,33.88,DAY,07/21/2025 10:32:24 EDT,07/21/2025 10:32:26 EDT
James Hardie,JHX,Buy,Filled,15,15,@26.69,26.69,DAY,07/21/2025 10:31:54 EDT,07/21/2025 10:31:54 EDT
iShares Gold Trust,IAU,Sell,Filled,30,30,@64.06,64.06,DAY,07/21/2025 10:31:07 EDT,07/21/2025 10:31:22 EDT
Schlumberger,SLB,Buy,Filled,20,20,@33.56,33.56,DAY,07/21/2025 06:04:28 EDT,07/21/2025 06:24:23 EDT
James Hardie,JHX,Buy,Cancelled,0,5,@26.65,,DAY,07/16/2025 16:06:31 EDT,
iShares Gold Trust,IAU,Sell,Filled,10,10,@63.12,63.12,DAY,07/16/2025 16:06:22 EDT,07/16/2025 16:06:22 EDT
James Hardie,JHX,Buy,Filled,15,15,@25.88,25.88,DAY,07/16/2025 11:34:58 EDT,07/16/2025 11:34:59 EDT
Direxion Daily AMZN Bull 1 5X Shares,AMZU,Sell,Filled,16,16,@37.84,37.84,DAY,07/16/2025 11:33:53 EDT,07/16/2025 11:33:54 EDT
ARK Genomic Revolution ETF,ARKG,Buy,Filled,10,10,@24.50,24.50,DAY,07/16/2025 08:48:57 EDT,07/16/2025 08:59:29 EDT
iShares Gold Trust,IAU,Buy,Filled,10,10,@63.16,63.16,DAY,07/15/2025 10:44:35 EDT,07/15/2025 10:44:36 EDT
Uber Technologies,UBER,Sell,Filled,10,10,@92.00,92.00,DAY,07/15/2025 10:08:52 EDT,07/15/2025 10:09:08 EDT
Direxion Daily AMZN Bull 1 5X Shares,AMZU,Buy,Filled,1,1,@38.40,38.40,DAY,07/14/2025 15:37:16 EDT,07/14/2025 15:37:16 EDT
Uber Technologies,UBER,Buy,Filled,10,10,@94.03,94.03,DAY,07/14/2025 14:23:05 EDT,07/14/2025 14:23:05 EDT
Ionis Pharmaceuticals,IONS,Sell,Filled,12,12,@42.36,42.36,DAY,07/14/2025 10:42:56 EDT,07/14/2025 11:03:14 EDT
Semtech,SMTC,Sell,Filled,10,10,@48.25,48.25,DAY,07/09/2025 15:44:48 EDT,07/09/2025 15:50:37 EDT
Semtech,SMTC,Buy,Filled,10,10,@45.36,45.36,DAY,07/09/2025 11:18:21 EDT,07/09/2025 11:18:22 EDT
ARK Genomic Revolution ETF,ARKG,Sell,Filled,5,5,@26.06,26.06,DAY,07/09/2025 09:49:08 EDT,07/09/2025 09:49:08 EDT
ARK Genomic Revolution ETF,ARKG,Sell,Filled,5,5,@25.98,25.98,DAY,07/09/2025 09:48:26 EDT,07/09/2025 09:48:34 EDT
Direxion Daily AMZN Bull 1 5X Shares,AMZU,Buy,Filled,15,15,@36.90,36.90,DAY,07/09/2025 07:43:37 EDT,07/09/2025 07:59:45 EDT
iShares Gold Trust,IAU,Buy,Filled,5,5,@62.12,62.12,DAY,07/08/2025 11:18:07 EDT,07/08/2025 11:18:12 EDT
Toast Inc,TOST,Sell,Filled,18,18,@44.45,44.45,DAY,07/08/2025 10:22:18 EDT,07/08/2025 10:22:20 EDT
Ionis Pharmaceuticals,IONS,Buy,Cancelled,0,5,@41.03,,DAY,07/08/2025 09:42:41 EDT,
Toast Inc,TOST,Buy,Filled,8,8,@45.77,45.77,DAY,07/08/2025 09:40:37 EDT,07/08/2025 09:45:08 EDT
Toast Inc,TOST,Sell,Cancelled,0,10,@48.69,,DAY,07/08/2025 09:37:45 EDT,
Toast Inc,TOST,Buy,Filled,10,10,@46.15,46.15,DAY,07/08/2025 09:36:00 EDT,07/08/2025 09:36:38 EDT
Ionis Pharmaceuticals,IONS,Buy,Filled,12,12,@41.35,41.35,DAY,07/08/2025 09:33:48 EDT,07/08/2025 09:35:34 EDT
ARK Genomic Revolution ETF,ARKG,Buy,Filled,20,20,@24.42,24.42,DAY,07/07/2025 15:03:18 EDT,07/07/2025 15:03:18 EDT
iShares Gold Trust,IAU,Buy,Filled,5,5,@62.68,62.68,DAY,07/07/2025 12:28:10 EDT,07/07/2025 12:29:42 EDT
United States Oil,USO,Sell,Filled,10,10,@76.82,76.82,DAY,07/07/2025 08:10:24 EDT,07/07/2025 14:43:15 EDT
Toast Inc,TOST,Sell,Filled,15,15,@44.87,44.87,DAY,07/07/2025 08:09:48 EDT,07/07/2025 16:06:36 EDT
ProShares UltraPro QQQ,TQQQ,Sell,Filled,5,5,@82.68,82.68,DAY,07/07/2025 08:09:24 EDT,07/07/2025 12:26:28 EDT
Toast Inc,TOST,Buy,Filled,15,15,@42.40,42.40,DAY,07/02/2025 13:52:42 EDT,07/02/2025 14:02:10 EDT
ProShares UltraPro QQQ,TQQQ,Buy,Cancelled,0,5,@78.10,,DAY,07/02/2025 06:50:15 EDT,
ProShares UltraPro QQQ,TQQQ,Buy,Cancelled,0,5,@79.12,,DAY,07/02/2025 06:49:59 EDT,
ProShares UltraPro QQQ,TQQQ,Buy,Filled,5,5,@80.71,80.71,DAY,07/02/2025 06:49:37 EDT,07/02/2025 06:49:38 EDT
Golar LNG,GLNG,Sell,Filled,20,20,@40.93,40.93,DAY,07/01/2025 11:06:04 EDT,07/01/2025 11:06:25 EDT
Uber Technologies,UBER,Sell,Filled,10,10,@91.37,91.37,DAY,07/01/2025 11:05:30 EDT,07/01/2025 11:05:30 EDT
Uber Technologies,UBER,Buy,Filled,10,10,@93.17,93.17,DAY,07/01/2025 09:20:25 EDT,07/01/2025 09:23:51 EDT
Bloom Energy,BE,Sell,Filled,20,20,@23.63,23.63,DAY,07/01/2025 08:37:07 EDT,07/01/2025 08:37:07 EDT
Golar LNG,GLNG,Sell,Cancelled,0,20,@42.46,,DAY,07/01/2025 06:20:54 EDT,
Bloom Energy,BE,Buy,Filled,20,20,@24.23,24.23,DAY,06/30/2025 12:42:50 EDT,06/30/2025 12:42:50 EDT
iShares Gold Trust,IAU,Buy,Filled,20,20,@62.07,62.07,DAY,06/30/2025 12:41:21 EDT,06/30/2025 13:44:54 EDT
Golar LNG,GLNG,Buy,Filled,10,10,@41.58,41.58,DAY,06/30/2025 06:52:50 EDT,06/30/2025 07:18:54 EDT
Bloom Energy,BE,Sell,Filled,5,5,@23.50,23.50,DAY,06/30/2025 05:20:47 EDT,06/30/2025 05:23:20 EDT
ProShares UltraPro QQQ,TQQQ,Sell,Filled,10,10,@82.99,82.99,DAY,06/30/2025 05:17:10 EDT,06/30/2025 05:17:10 EDT
Bloom Energy,BE,Sell,Filled,15,15,@23.38,23.38,DAY,06/30/2025 05:16:50 EDT,06/30/2025 05:18:09 EDT
ProShares UltraPro QQQ,TQQQ,Sell,Cancelled,0,10,@83.26,,DAY,06/27/2025 11:33:55 EDT,
Golar LNG,GLNG,Buy,Filled,10,10,@41.50,41.50,DAY,06/27/2025 11:11:26 EDT,06/27/2025 11:13:13 EDT
ProShares UltraPro QQQ,TQQQ,Sell,Filled,5,5,@81.76,81.76,DAY,06/27/2025 10:33:10 EDT,06/27/2025 10:33:19 EDT
ARK Genomic Revolution ETF,ARKG,Sell,Filled,30,30,@24.41,24.41,DAY,06/27/2025 10:32:15 EDT,06/27/2025 17:56:36 EDT
United States Oil,USO,Sell,Cancelled,0,10,@75.45,,GTC,06/27/2025 10:31:13 EDT,
Toast Inc,TOST,Sell,Filled,10,10,@44.08,44.08,DAY,06/27/2025 08:38:02 EDT,06/27/2025 12:35:28 EDT
Bloom Energy,BE,Sell,Cancelled,0,20,@23.45,,DAY,06/27/2025 08:37:42 EDT,
ARK Genomic Revolution ETF,ARKG,Buy,Filled,10,10,@24.54,24.54,DAY,06/26/2025 15:31:22 EDT,06/26/2025 15:31:22 EDT
Toast Inc,TOST,Buy,Filled,10,10,@41.64,41.64,DAY,06/26/2025 11:53:08 EDT,06/26/2025 11:53:08 EDT
Bloom Energy,BE,Buy,Filled,20,20,@21.86,21.86,DAY,06/26/2025 11:51:52 EDT,06/26/2025 11:53:14 EDT
Grail Inc,GRAL,Sell,Filled,22,22,@48.09,48.09,DAY,06/26/2025 08:38:02 EDT,06/26/2025 10:04:15 EDT
ProShares UltraPro QQQ,TQQQ,Buy,Filled,7,7,@79.57,79.57,DAY,06/26/2025 07:15:12 EDT,06/26/2025 07:15:26 EDT
Grail Inc,GRAL,Sell,Filled,12,12,@46.60,46.60,DAY,06/26/2025 06:38:43 EDT,06/26/2025 07:14:50 EDT
ProShares UltraPro QQQ,TQQQ,Buy,Filled,6,6,@78.41,78.41,DAY,06/25/2025 12:46:25 EDT,06/25/2025 13:28:56 EDT
ProShares UltraPro QQQ,TQQQ,Sell,Filled,3,3,@78.18,78.18,DAY,06/25/2025 12:33:45 EDT,06/25/2025 12:33:45 EDT
United States Oil,USO,Buy,Filled,10,10,@73.37,73.37,DAY,06/25/2025 10:26:34 EDT,06/25/2025 10:26:37 EDT
ARK Genomic Revolution ETF,ARKG,Buy,Filled,20,20,@23.89,23.89,DAY,06/25/2025 10:25:09 EDT,06/25/2025 10:27:35 EDT
ProShares UltraPro QQQ,TQQQ,Buy,Filled,5,5,@78.66,78.66,DAY,06/25/2025 10:23:15 EDT,06/25/2025 10:24:06 EDT
NiSource,NI,Sell,Filled,20,20,@40.16,40.16,DAY,06/25/2025 10:21:32 EDT,06/25/2025 10:21:32 EDT
Ionis Pharmaceuticals,IONS,Sell,Filled,17,17,@39.41,39.41,GTC,06/24/2025 21:08:37 EDT,06/25/2025 04:03:14 EDT
NiSource,NI,Buy,Filled,10,10,@40.61,40.61,DAY,06/24/2025 10:54:18 EDT,06/24/2025 10:54:18 EDT
NiSource,NI,Buy,Filled,10,10,@40.62,40.62,DAY,06/24/2025 10:53:04 EDT,06/24/2025 10:53:04 EDT
Uber Technologies,UBER,Sell,Filled,7,7,@91.28,91.28,DAY,06/24/2025 10:50:31 EDT,06/24/2025 10:50:54 EDT
Uber Technologies,UBER,Sell,Filled,6,6,@90.41,90.41,DAY,06/24/2025 10:26:58 EDT,06/24/2025 10:26:59 EDT
Uber Technologies,UBER,Buy,Filled,3,3,@90.37,90.37,DAY,06/24/2025 10:26:34 EDT,06/24/2025 10:26:34 EDT
Ionis Pharmaceuticals,IONS,Buy,Filled,7,7,@37.96,37.96,DAY,06/24/2025 09:43:25 EDT,06/24/2025 09:43:25 EDT
Ionis Pharmaceuticals,IONS,Buy,Filled,10,10,@37.87,37.87,DAY,06/24/2025 09:38:36 EDT,06/24/2025 09:41:09 EDT
Ionis Pharmaceuticals,IONS,Buy,Cancelled,0,15,@37.25,,DAY,06/24/2025 09:37:19 EDT,
Uber Technologies,UBER,Sell,Filled,2,2,@88.99,88.99,DAY,06/24/2025 09:36:41 EDT,06/24/2025 09:36:41 EDT
Uber Technologies,UBER,Sell,Filled,4,4,@89.32,89.32,DAY,06/24/2025 09:32:27 EDT,06/24/2025 09:32:34 EDT
Uber Technologies,UBER,Sell,Filled,8,8,@88.02,88.02,DAY,06/24/2025 08:08:03 EDT,06/24/2025 08:08:09 EDT
Uber Technologies,UBER,Buy,Filled,4,4,@88.02,88.02,DAY,06/24/2025 08:07:34 EDT,06/24/2025 08:07:34 EDT
Grail Inc,GRAL,Buy,Filled,5,5,@44.44,44.44,DAY,06/24/2025 07:32:24 EDT,06/24/2025 07:32:24 EDT
ARK Genomic Revolution ETF,ARKG,Sell,Filled,10,10,@23.97,23.97,DAY,06/24/2025 07:32:09 EDT,06/24/2025 07:32:09 EDT
Grail Inc,GRAL,Buy,Filled,9,9,@44.94,44.94,DAY,06/23/2025 10:21:55 EDT,06/23/2025 10:22:15 EDT
Uber Technologies,UBER,Buy,Filled,10,10,@83.42,83.42,DAY,06/23/2025 09:32:03 EDT,06/23/2025 09:32:40 EDT
Grail Inc,GRAL,Buy,Cancelled,0,10,@42.11,,DAY,06/23/2025 09:09:11 EDT,
NiSource,NI,Sell,Filled,8,8,@39.52,39.52,DAY,06/23/2025 08:59:23 EDT,06/23/2025 09:28:37 EDT
ARK Genomic Revolution ETF,ARKG,Buy,Filled,10,10,@23.51,23.51,DAY,06/23/2025 08:56:59 EDT,06/23/2025 09:28:02 EDT
Grail Inc,GRAL,Buy,Filled,10,10,@45.04,45.04,DAY,06/23/2025 08:55:37 EDT,06/23/2025 08:55:37 EDT
Toast Inc,TOST,Sell,Filled,27,27,@42.17,42.17,DAY,06/23/2025 07:22:35 EDT,06/23/2025 07:40:19 EDT
Bloom Energy,BE,Sell,Filled,15,15,@22.00,22.00,DAY,06/23/2025 05:34:51 EDT,06/23/2025 05:35:55 EDT
Grail Inc,GRAL,Buy,Filled,10,10,@45.37,45.37,DAY,06/23/2025 05:33:00 EDT,06/23/2025 06:38:54 EDT
Toast Inc,TOST,Buy,Filled,7,7,@42.42,42.42,DAY,06/20/2025 11:16:01 EDT,06/20/2025 11:16:01 EDT
Uber Technologies,UBER,Sell,Cancelled,0,10,80.49,,GTC,06/18/2025 15:48:33 EDT,
Uber Technologies,UBER,Sell,Cancelled,0,10,@92.45,,GTC,06/18/2025 15:48:33 EDT,
Uber Technologies,UBER,Buy,Filled,10,10,@83.65,83.65,DAY,06/18/2025 15:48:00 EDT,06/18/2025 15:48:00 EDT
Toast Inc,TOST,Sell,Cancelled,0,20,@45.38,,GTC,06/18/2025 15:34:51 EDT,
Toast Inc,TOST,Sell,Cancelled,0,20,40.85,,GTC,06/18/2025 15:34:51 EDT,
NiSource,NI,Sell,Cancelled,0,8,38.92,,GTC,06/18/2025 15:20:43 EDT,
NiSource,NI,Sell,Cancelled,0,8,@40.54,,GTC,06/18/2025 15:20:43 EDT,
Bloom Energy,BE,Sell,Cancelled,0,15,@23.60,,GTC,06/18/2025 15:20:24 EDT,
Bloom Energy,BE,Sell,Cancelled,0,15,20.24,,GTC,06/18/2025 15:20:24 EDT,
Bloom Energy,BE,Buy,Filled,15,15,@21.63,21.63,DAY,06/18/2025 11:36:23 EDT,06/18/2025 11:36:24 EDT
NiSource,NI,Buy,Filled,8,8,@39.46,39.46,DAY,06/18/2025 11:14:01 EDT,06/18/2025 11:14:01 EDT
Ionis Pharmaceuticals,IONS,Sell,Filled,10,10,@37.46,37.46,DAY,06/18/2025 10:28:35 EDT,06/18/2025 10:29:07 EDT
Ionis Pharmaceuticals,IONS,Sell,Filled,30,30,@37.00,37.00,GTC,06/17/2025 10:20:54 EDT,06/18/2025 10:15:21 EDT
Ionis Pharmaceuticals,IONS,Buy,Filled,40,40,@35.24,35.24,DAY,06/16/2025 18:57:25 EDT,06/16/2025 18:57:25 EDT
Uber Technologies,UBER,Sell,Filled,27,27,@84.77,84.77,DAY,06/16/2025 18:56:43 EDT,06/16/2025 18:56:43 EDT
Uber Technologies,UBER,Sell,Cancelled,0,27,81.10,,DAY,06/16/2025 06:55:36 EDT,
Uber Technologies,UBER,Sell,Cancelled,0,27,@92.24,,DAY,06/16/2025 06:55:36 EDT,
Toast Inc,TOST,Sell,Cancelled,0,20,@45.34,,DAY,06/16/2025 06:55:22 EDT,
Toast Inc,TOST,Sell,Cancelled,0,20,40.87,,DAY,06/16/2025 06:55:22 EDT,
Uber Technologies,UBER,Buy,Filled,17,17,@83.99,83.99,DAY,06/13/2025 05:01:55 EDT,06/13/2025 05:03:18 EDT
Uber Technologies,UBER,Buy,Cancelled,0,17,@83.30,,DAY,06/12/2025 20:57:24 EDT,
ProShares UltraPro Dow30,UDOW,Sell,Filled,17,17,@84.76,84.76,DAY,06/12/2025 20:56:00 EDT,06/12/2025 20:56:00 EDT
ProShares UltraPro Dow30,UDOW,Buy,Filled,10,10,@88.35,88.35,DAY,06/11/2025 10:00:03 EDT,06/11/2025 10:00:03 EDT
Uber Technologies,UBER,Sell,Cancelled,0,10,@89.86,,DAY,06/11/2025 09:49:48 EDT,
Uber Technologies,UBER,Buy,Cancelled,0,10,@82.64,,DAY,06/11/2025 09:24:34 EDT,
Toast Inc,TOST,Sell,Cancelled,0,15,@44.94,,DAY,06/11/2025 06:40:02 EDT,
Coca Cola Co,KO,Sell,Filled,12,12,@72.50,72.50,DAY,06/11/2025 05:16:45 EDT,06/11/2025 06:38:47 EDT
ProShares UltraPro Dow30,UDOW,Buy,Filled,7,7,@87.70,87.70,DAY,06/10/2025 20:13:33 EDT,06/10/2025 20:13:33 EDT
Uber Technologies,UBER,Buy,Filled,10,10,@86.30,86.30,DAY,06/10/2025 20:12:20 EDT,06/10/2025 20:13:05 EDT
Uber Technologies,UBER,Buy,Cancelled,0,7,@85.29,,DAY,06/10/2025 07:30:09 EDT,
Coca Cola Co,KO,Sell,Cancelled,0,12,@73.45,,DAY,06/10/2025 07:28:27 EDT,
Toast Inc,TOST,Sell,Cancelled,0,20,@44.81,,DAY,06/10/2025 07:27:23 EDT,
Coca Cola Co,KO,Buy,Filled,12,12,@71.54,71.54,DAY,06/09/2025 14:39:56 EDT,06/09/2025 14:39:56 EDT
Uber Technologies,UBER,Sell,Filled,20,20,@87.80,87.80,DAY,06/09/2025 10:40:11 EDT,06/09/2025 12:40:10 EDT
ProShares UltraPro QQQ,TQQQ,Sell,Filled,11,11,@75.00,75.00,DAY,06/09/2025 10:36:40 EDT,06/09/2025 11:09:07 EDT
Toast Inc,TOST,Sell,Cancelled,0,15,@45.50,,DAY,06/09/2025 08:05:42 EDT,
Uber Technologies,UBER,Sell,Cancelled,0,10,@89.35,,DAY,06/06/2025 14:16:20 EDT,
ProShares UltraPro QQQ,TQQQ,Sell,Cancelled,0,11,@75.40,,DAY,06/06/2025 14:15:42 EDT,
Grail Inc,GRAL,Sell,Filled,20,20,@37.84,37.84,DAY,06/06/2025 13:09:12 EDT,06/06/2025 14:11:42 EDT
Uber Technologies,UBER,Buy,Filled,12,12,@85.58,85.58,DAY,06/06/2025 10:18:11 EDT,06/06/2025 10:18:11 EDT
Uber Technologies,UBER,Buy,Filled,8,8,@86.38,86.38,DAY,06/06/2025 09:45:34 EDT,06/06/2025 09:45:35 EDT
Klaviyo  Inc.,KVYO,Sell,Filled,20,20,@33.28,33.28,DAY,06/06/2025 09:35:01 EDT,06/06/2025 09:35:01 EDT
Toast Inc,TOST,Sell,Cancelled,0,20,@45.28,,DAY,06/06/2025 09:30:41 EDT,
ProShares UltraPro QQQ,TQQQ,Sell,Cancelled,0,11,@75.50,,DAY,06/06/2025 09:17:06 EDT,
ProShares UltraPro QQQ,TQQQ,Buy,Filled,11,11,@71.60,71.60,DAY,06/05/2025 15:01:39 EDT,06/05/2025 15:17:15 EDT
Toast Inc,TOST,Sell,Cancelled,0,20,40.99,,DAY,06/05/2025 14:05:32 EDT,
Toast Inc,TOST,Sell,Cancelled,0,20,@45.50,,DAY,06/05/2025 14:05:32 EDT,
Grail Inc,GRAL,Sell,Cancelled,0,20,@43.20,,DAY,06/05/2025 14:05:05 EDT,
Grail Inc,GRAL,Sell,Cancelled,0,20,37.55,,DAY,06/05/2025 14:05:05 EDT,
Klaviyo  Inc.,KVYO,Sell,Cancelled,0,20,@37.70,,DAY,06/05/2025 14:04:27 EDT,
Klaviyo  Inc.,KVYO,Sell,Cancelled,0,20,31.20,,DAY,06/05/2025 14:04:27 EDT,
Toast Inc,TOST,Buy,Filled,20,20,@43.08,43.08,DAY,06/05/2025 13:51:03 EDT,06/05/2025 13:51:03 EDT
Grail Inc,GRAL,Buy,Filled,20,20,@39.78,39.78,DAY,06/05/2025 13:48:34 EDT,06/05/2025 13:50:51 EDT
Klaviyo  Inc.,KVYO,Buy,Filled,20,20,@34.20,34.20,DAY,06/05/2025 13:43:29 EDT,06/05/2025 13:43:29 EDT
Uber Technologies,UBER,Sell,Filled,34,34,@84.34,84.34,DAY,06/05/2025 09:26:45 EDT,06/05/2025 13:36:31 EDT
Uber Technologies,UBER,Sell,Cancelled,0,34,@84.99,,DAY,06/05/2025 06:34:22 EDT,
Uber Technologies,UBER,Sell,Cancelled,0,34,@85.20,,DAY,06/04/2025 15:19:11 EDT,
Uber Technologies,UBER,Buy,Filled,2,2,@82.72,82.72,DAY,06/03/2025 13:45:04 EDT,06/03/2025 13:45:04 EDT
Uber Technologies,UBER,Buy,Filled,32,32,@83.18,83.18,DAY,06/03/2025 11:07:05 EDT,06/03/2025 11:07:05 EDT
Amazon Com,AMZN,Buy,Cancelled,0,13,@206.00,,DAY,06/03/2025 11:03:20 EDT,
ProShares UltraPro QQQ,TQQQ,Sell,Filled,38,38,@72.93,72.93,DAY,06/03/2025 06:43:48 EDT,06/03/2025 11:00:28 EDT
ProShares UltraPro QQQ,TQQQ,Buy,Filled,38,38,@70.60,70.60,DAY,06/02/2025 12:10:47 EDT,06/02/2025 12:10:47 EDT
ProShares UltraPro Short QQQ,SQQQ,Sell,Filled,120,120,@23.65,23.65,DAY,06/02/2025 10:36:54 EDT,06/02/2025 10:36:54 EDT
ProShares UltraPro Short QQQ,SQQQ,Buy,Filled,70,70,@23.95,23.95,DAY,06/02/2025 09:57:18 EDT,06/02/2025 09:58:44 EDT
ProShares UltraPro Dow30,UDOW,Sell,Filled,20,20,@82.63,82.63,DAY,06/02/2025 09:55:19 EDT,06/02/2025 09:55:47 EDT
ProShares UltraPro Short QQQ,SQQQ,Buy,Filled,50,50,@23.93,23.93,DAY,06/02/2025 09:53:51 EDT,06/02/2025 09:53:51 EDT
WeRide Inc.,WRD,Sell,Filled,122,122,@9.53,9.53,DAY,06/02/2025 09:53:16 EDT,06/02/2025 09:53:16 EDT
WeRide Inc.,WRD,Sell,Cancelled,0,122,@13.99,,DAY,05/29/2025 06:30:40 EDT,
ProShares UltraPro Dow30,UDOW,Sell,Cancelled,0,15,@87.70,,DAY,05/29/2025 06:28:26 EDT,
ProShares UltraPro Dow30,UDOW,Sell,Cancelled,0,15,@86.99,,DAY,05/28/2025 19:20:26 EDT,
WeRide Inc.,WRD,Buy,Filled,2,2,@10.92,10.92,DAY,05/28/2025 10:02:40 EDT,05/28/2025 10:02:48 EDT
WeRide Inc.,WRD,Buy,Filled,120,120,@11.06,11.06,DAY,05/28/2025 08:55:20 EDT,05/28/2025 08:57:38 EDT
ProShares UltraPro QQQ,TQQQ,Sell,Filled,20,20,@70.87,70.87,DAY,05/27/2025 14:20:58 EDT,05/27/2025 14:21:19 EDT
ProShares UltraPro Dow30,UDOW,Buy,Filled,8,8,@84.41,84.41,DAY,05/27/2025 13:41:33 EDT,05/27/2025 13:44:41 EDT
ProShares UltraPro Dow30,UDOW,Buy,Filled,12,12,@84.28,84.28,DAY,05/27/2025 13:37:39 EDT,05/27/2025 13:37:39 EDT
Ast Spacemobile Inc,ASTS,Sell,Filled,40,40,@25.04,25.04,DAY,05/27/2025 13:36:58 EDT,05/27/2025 13:36:58 EDT
ProShares UltraPro QQQ,TQQQ,Sell,Filled,10,10,@70.70,70.70,DAY,05/27/2025 12:45:48 EDT,05/27/2025 13:01:49 EDT
Ast Spacemobile Inc,ASTS,Buy,Filled,10,10,@25.47,25.47,DAY,05/27/2025 12:29:04 EDT,05/27/2025 12:29:08 EDT
Ast Spacemobile Inc,ASTS,Buy,Filled,30,30,@25.41,25.41,DAY,05/27/2025 12:14:42 EDT,05/27/2025 12:14:42 EDT
ProShares UltraPro QQQ,TQQQ,Sell,Filled,5,5,@70.37,70.37,DAY,05/27/2025 12:03:37 EDT,05/27/2025 12:03:37 EDT
ProShares UltraPro QQQ,TQQQ,Sell,Filled,10,10,@70.12,70.12,DAY,05/27/2025 09:56:28 EDT,05/27/2025 10:31:42 EDT
ProShares UltraPro QQQ,TQQQ,Buy,Filled,10,10,@66.31,66.31,DAY,05/23/2025 11:39:05 EDT,05/23/2025 11:39:05 EDT
ProShares UltraPro QQQ,TQQQ,Buy,Filled,5,5,@66.35,66.35,DAY,05/23/2025 10:25:33 EDT,05/23/2025 10:25:33 EDT
ProShares UltraPro Short QQQ,SQQQ,Sell,Filled,40,40,@25.48,25.48,DAY,05/23/2025 09:59:39 EDT,05/23/2025 09:59:39 EDT
ProShares UltraPro Short QQQ,SQQQ,Buy,Filled,40,40,@25.60,25.60,DAY,05/23/2025 09:47:15 EDT,05/23/2025 09:47:50 EDT
Palantir Technologies Inc,PLTR,Buy,Cancelled,0,10,@118.00,,DAY,05/22/2025 10:10:21 EDT,
ProShares UltraPro QQQ,TQQQ,Buy,Cancelled,0,5,@67.00,,DAY,05/22/2025 07:15:46 EDT,
ProShares UltraPro QQQ,TQQQ,Buy,Filled,10,10,@67.01,67.01,DAY,05/22/2025 06:12:54 EDT,05/22/2025 08:16:55 EDT
ProShares UltraPro QQQ,TQQQ,Buy,Filled,10,10,@68.21,68.21,DAY,05/22/2025 06:11:20 EDT,05/22/2025 07:30:35 EDT
ProShares UltraPro QQQ,TQQQ,Buy,Cancelled,0,10,@67.01,,DAY,05/21/2025 16:16:02 EDT,
ProShares UltraPro QQQ,TQQQ,Buy,Filled,10,10,@68.25,68.25,DAY,05/21/2025 15:38:22 EDT,05/21/2025 15:42:48 EDT
Ast Spacemobile Inc,ASTS,Sell,Cancelled,0,120,@24.24,,DAY,05/21/2025 14:31:47 EDT,
Ast Spacemobile Inc,ASTS,Sell,Filled,120,120,@23.76,23.76,DAY,05/21/2025 14:31:47 EDT,05/21/2025 15:08:02 EDT
Ast Spacemobile Inc,ASTS,Buy,Filled,120,120,@25.44,25.44,DAY,05/20/2025 13:24:04 EDT,05/20/2025 13:24:04 EDT
Ast Spacemobile Inc,ASTS,Buy,Filled,115,115,@25.46,25.46,DAY,05/20/2025 13:23:44 EDT,05/20/2025 13:23:44 EDT
Ast Spacemobile Inc,ASTS,Short,Filled,115,115,@25.36,25.36,DAY,05/20/2025 10:50:22 EDT,05/20/2025 10:56:50 EDT
Apple Inc,AAPL,Sell,Filled,14,14,@207.38,207.38,DAY,05/20/2025 10:01:55 EDT,05/20/2025 10:01:56 EDT
Apple Inc,AAPL,Buy,Filled,14,14,@208.34,208.34,GTC,05/19/2025 12:23:59 EDT,05/19/2025 12:23:59 EDT
ProShares UltraPro QQQ,TQQQ,Buy,Cancelled,0,42,@70.82,,GTC,05/19/2025 12:23:21 EDT,
ProShares UltraPro Short QQQ,SQQQ,Sell,Filled,130,130,@23.61,23.61,GTC,05/19/2025 12:22:37 EDT,05/19/2025 12:22:59 EDT
ProShares UltraPro Short QQQ,SQQQ,Buy,Filled,10,10,@24.43,24.43,GTC,05/19/2025 04:14:48 EDT,05/19/2025 06:40:39 EDT
ProShares UltraPro Short QQQ,SQQQ,Buy,Filled,120,120,@24.51,24.51,GTC,05/19/2025 04:11:30 EDT,05/19/2025 04:11:30 EDT
ProShares UltraPro Short QQQ,SQQQ,Buy,Cancelled,0,100,@Market,,DAY,05/19/2025 04:03:48 EDT,
ProShares UltraPro Short QQQ,SQQQ,Buy,Cancelled,0,20,@24.50,,GTC,05/19/2025 04:03:25 EDT,
iShares Gold Trust,IAU,Buy,Filled,43,43,@60.96,60.96,GTC,05/19/2025 04:00:45 EDT,05/19/2025 04:02:35 EDT
iShares Gold Trust,IAU,Short,Filled,43,43,@59.91,59.91,DAY,05/14/2025 14:42:45 EDT,05/14/2025 14:43:23 EDT
Apple Inc,AAPL,Sell,Filled,12,12,@211.34,211.34,DAY,05/14/2025 13:14:53 EDT,05/14/2025 13:14:53 EDT
Apple Inc,AAPL,Buy,Filled,12,12,@209.85,209.85,DAY,05/13/2025 09:45:22 EDT,05/13/2025 09:45:41 EDT
Ast Spacemobile Inc,ASTS,Sell,Filled,50,50,@27.65,27.65,DAY,05/12/2025 16:31:31 EDT,05/12/2025 16:31:48 EDT
Ast Spacemobile Inc,ASTS,Buy,Filled,50,50,@27.02,27.02,DAY,05/12/2025 15:55:38 EDT,05/12/2025 15:55:38 EDT
Invesco NASDAQ 100 ETF,QQQM,Sell,Filled,12,12,@208.64,208.64,DAY,05/12/2025 15:52:04 EDT,05/12/2025 15:52:04 EDT
Invesco NASDAQ 100 ETF,QQQM,Buy,Filled,7,7,@208.27,208.27,DAY,05/12/2025 12:50:24 EDT,05/12/2025 12:50:24 EDT
Invesco NASDAQ 100 ETF,QQQM,Buy,Filled,5,5,@208.23,208.23,DAY,05/12/2025 10:15:53 EDT,05/12/2025 12:47:46 EDT
ProShares UltraPro QQQ,TQQQ,Sell,Filled,13,13,@66.30,66.30,DAY,05/12/2025 07:02:47 EDT,05/12/2025 07:05:34 EDT
ProShares UltraPro QQQ,TQQQ,Sell,Filled,25,25,@65.74,65.74,DAY,05/12/2025 06:12:47 EDT,05/12/2025 06:13:37 EDT
ProShares UltraPro QQQ,TQQQ,Sell,Cancelled,0,25,@65.71,,DAY,05/12/2025 06:11:56 EDT,
ProShares UltraPro QQQ,TQQQ,Sell,Cancelled,0,38,@65.99,,DAY,05/09/2025 06:42:29 EDT,
ProShares UltraPro QQQ,TQQQ,Buy,Filled,4,4,58.65,58.65,DAY,05/08/2025 10:35:55 EDT,05/08/2025 10:35:55 EDT
ProShares UltraPro QQQ,TQQQ,Buy,Filled,34,34,58.60,58.60,DAY,05/08/2025 10:32:13 EDT,05/08/2025 10:32:13 EDT
Twilio Inc,TWLO,Buy,Filled,30,30,106.17,106.17,DAY,05/08/2025 10:32:02 EDT,05/08/2025 10:32:02 EDT
Twilio Inc,TWLO,Buy,Cancelled,0,30,@106.06,,DAY,05/08/2025 10:30:33 EDT,
Twilio Inc,TWLO,Buy,Cancelled,0,30,@98.30,,DAY,05/07/2025 07:26:35 EDT,
Twilio Inc,TWLO,Buy,Cancelled,0,30,@100.01,,DAY,05/06/2025 18:02:01 EDT,
Twilio Inc,TWLO,Short,Filled,5,5,@102.60,102.60,DAY,05/06/2025 11:53:12 EDT,05/06/2025 11:53:12 EDT
Twilio Inc,TWLO,Buy,Cancelled,0,25,@94.71,,DAY,05/05/2025 06:55:11 EDT,
Twilio Inc,TWLO,Short,Filled,25,25,@99.85,99.85,DAY,05/02/2025 12:28:00 EDT,05/02/2025 12:28:00 EDT
ProShares UltraPro QQQ,TQQQ,Sell,Filled,15,15,@59.98,59.98,DAY,05/02/2025 12:15:20 EDT,05/02/2025 12:15:20 EDT
ProShares UltraPro QQQ,TQQQ,Sell,Filled,25,25,@59.99,59.99,DAY,05/02/2025 12:15:06 EDT,05/02/2025 12:15:06 EDT
ProShares UltraPro QQQ,TQQQ,Buy,Filled,40,40,@59.43,59.43,DAY,05/02/2025 11:16:24 EDT,05/02/2025 11:16:24 EDT
ProShares UltraPro Short QQQ,SQQQ,Sell,Filled,55,55,@28.76,28.76,DAY,05/02/2025 11:04:49 EDT,05/02/2025 11:10:12 EDT
Zeta Global Holdings Corp,ZETA,Sell,Filled,61,61,@13.80,13.80,DAY,05/02/2025 11:03:07 EDT,05/02/2025 11:03:47 EDT
Zeta Global Holdings Corp,ZETA,Buy,Filled,1,1,@13.26,13.26,DAY,04/30/2025 17:09:23 EDT,04/30/2025 17:52:00 EDT
ProShares UltraPro Short QQQ,SQQQ,Buy,Filled,5,5,@31.94,31.94,DAY,04/30/2025 14:36:39 EDT,04/30/2025 14:36:39 EDT
Zeta Global Holdings Corp,ZETA,Buy,Filled,60,60,@12.94,12.94,DAY,04/30/2025 14:02:35 EDT,04/30/2025 14:03:01 EDT
ProShares Short QQQ,PSQ,Sell,Filled,20,20,@39.60,39.60,DAY,04/30/2025 14:01:59 EDT,04/30/2025 14:01:59 EDT
ProShares Short QQQ,PSQ,Buy,Filled,8,8,@39.78,39.78,DAY,04/30/2025 12:31:07 EDT,04/30/2025 12:31:13 EDT
ProShares UltraPro Short QQQ,SQQQ,Buy,Filled,50,50,@32.40,32.40,DAY,04/30/2025 12:29:24 EDT,04/30/2025 12:30:48 EDT
ProShares Short QQQ,PSQ,Buy,Filled,12,12,@39.75,39.75,DAY,04/30/2025 12:28:39 EDT,04/30/2025 12:28:39 EDT
Invesco NASDAQ 100 ETF,QQQM,Sell,Filled,5,5,@193.21,193.21,DAY,04/30/2025 12:28:12 EDT,04/30/2025 12:28:12 EDT
ProShares UltraPro QQQ,TQQQ,Sell,Filled,28,28,@52.69,52.69,DAY,04/30/2025 12:28:05 EDT,04/30/2025 12:28:05 EDT
ProShares UltraPro QQQ,TQQQ,Sell,Cancelled,0,14,@56.60,,GTC,04/30/2025 01:13:39 EDT,
ProShares UltraPro QQQ,TQQQ,Buy,Filled,6,6,@54.29,54.29,DAY,04/29/2025 11:08:02 EDT,04/29/2025 11:08:06 EDT
United States Oil,USO,Sell,Filled,5,5,@66.30,66.30,DAY,04/29/2025 11:07:22 EDT,04/29/2025 11:07:52 EDT
ProShares UltraPro QQQ,TQQQ,Buy,Filled,2,2,@54.07,54.07,DAY,04/29/2025 10:53:26 EDT,04/29/2025 10:53:31 EDT
Invesco NASDAQ 100 ETF,QQQM,Buy,Filled,2,2,@194.81,194.81,DAY,04/29/2025 10:53:11 EDT,04/29/2025 10:53:11 EDT
ProShares UltraPro QQQ,TQQQ,Buy,Filled,5,5,@54.14,54.14,DAY,04/29/2025 04:17:28 EDT,04/29/2025 04:19:32 EDT
ProShares UltraPro QQQ,TQQQ,Buy,Filled,15,15,@54.24,54.24,DAY,04/29/2025 04:05:47 EDT,04/29/2025 04:05:47 EDT
ProShares UltraPro Short QQQ,SQQQ,Sell,Filled,48,48,@31.44,31.44,DAY,04/29/2025 04:05:26 EDT,04/29/2025 04:05:26 EDT
Invesco NASDAQ 100 ETF,QQQM,Buy,Filled,3,3,@195.12,195.12,DAY,04/29/2025 04:04:48 EDT,04/29/2025 04:04:48 EDT
iShares Gold Trust,IAU,Sell,Filled,10,10,@62.61,62.61,DAY,04/29/2025 04:02:36 EDT,04/29/2025 04:04:23 EDT
ProShares UltraPro Short QQQ,SQQQ,Buy,Filled,3,3,@32.02,32.02,DAY,04/28/2025 15:04:55 EDT,04/28/2025 15:04:55 EDT
ProShares UltraPro Short QQQ,SQQQ,Buy,Filled,5,5,@32.15,32.15,DAY,04/28/2025 14:58:14 EDT,04/28/2025 14:58:21 EDT
iShares Gold Trust,IAU,Buy,Cancelled,0,4,@62.90,,DAY,04/28/2025 12:53:34 EDT,
ProShares UltraPro Short QQQ,SQQQ,Buy,Filled,10,10,@32.69,32.69,DAY,04/28/2025 12:53:14 EDT,04/28/2025 12:53:14 EDT
ProShares UltraPro Short QQQ,SQQQ,Buy,Filled,10,10,@32.78,32.78,DAY,04/28/2025 12:30:34 EDT,04/28/2025 12:30:34 EDT
United States Oil,USO,Buy,Filled,5,5,@68.82,68.82,DAY,04/28/2025 04:37:07 EDT,04/28/2025 04:37:08 EDT
iShares Gold Trust,IAU,Buy,Filled,10,10,@61.96,61.96,DAY,04/28/2025 04:28:09 EDT,04/28/2025 04:28:31 EDT
ProShares UltraPro Short QQQ,SQQQ,Buy,Filled,20,20,@31.97,31.97,DAY,04/28/2025 04:06:04 EDT,04/28/2025 04:06:04 EDT
ProShares UltraPro QQQ,TQQQ,Sell,Filled,13,13,@53.42,53.42,DAY,04/28/2025 04:03:58 EDT,04/28/2025 04:04:04 EDT
ProShares UltraPro Dow30,UDOW,Sell,Filled,25,25,@72.53,72.53,DAY,04/28/2025 04:03:39 EDT,04/28/2025 04:27:25 EDT
ProShares UltraPro QQQ,TQQQ,Buy,Filled,13,13,@52.59,52.59,DAY,04/25/2025 11:18:21 EDT,04/25/2025 11:20:46 EDT
ProShares UltraPro Dow30,UDOW,Buy,Filled,5,5,@71.81,71.81,DAY,04/25/2025 11:16:46 EDT,04/25/2025 11:16:46 EDT
iShares Gold Trust,IAU,Sell,Filled,17,17,@61.76,61.76,DAY,04/25/2025 11:12:30 EDT,04/25/2025 11:12:31 EDT
United States Oil,USO,Sell,Filled,9,9,@68.62,68.62,DAY,04/24/2025 19:53:14 EDT,04/24/2025 19:53:14 EDT
ProShares UltraPro Dow30,UDOW,Buy,Filled,5,5,@72.86,72.86,DAY,04/24/2025 19:51:12 EDT,04/24/2025 19:51:12 EDT
ProShares UltraPro Dow30,UDOW,Buy,Filled,15,15,@72.88,72.88,DAY,04/24/2025 19:49:33 EDT,04/24/2025 19:49:33 EDT
ProShares UltraPro QQQ,TQQQ,Sell,Filled,15,15,@52.98,52.98,DAY,04/24/2025 19:44:34 EDT,04/24/2025 19:44:34 EDT
United States Oil,USO,Buy,Filled,9,9,@68.57,68.57,DAY,04/24/2025 17:03:12 EDT,04/24/2025 17:03:12 EDT
iShares Gold Trust,IAU,Buy,Cancelled,0,5,@63.16,,DAY,04/24/2025 16:59:44 EDT,
iShares US Aerospace & Defense ETF,ITA,Buy,Cancelled,0,4,@152.86,,DAY,04/24/2025 16:55:48 EDT,
ProShares UltraPro QQQ,TQQQ,Sell,Cancelled,0,5,@52.98,,DAY,04/24/2025 16:52:12 EDT,
ProShares UltraPro QQQ,TQQQ,Sell,Filled,5,5,@51.74,51.74,DAY,04/24/2025 15:05:23 EDT,04/24/2025 15:05:23 EDT
ProShares UltraPro QQQ,TQQQ,Sell,Filled,7,7,@52.01,52.01,DAY,04/24/2025 14:56:42 EDT,04/24/2025 14:56:43 EDT
iShares Gold Trust,IAU,Buy,Filled,7,7,@62.74,62.74,DAY,04/24/2025 10:55:15 EDT,04/24/2025 10:55:15 EDT
ProShares UltraPro QQQ,TQQQ,Sell,Filled,8,8,@50.68,50.68,DAY,04/24/2025 10:54:38 EDT,04/24/2025 10:54:38 EDT
ProShares UltraPro QQQ,TQQQ,Buy,Filled,7,7,@49.14,49.14,DAY,04/23/2025 11:40:46 EDT,04/23/2025 11:40:46 EDT
ProShares UltraPro QQQ,TQQQ,Buy,Filled,5,5,@50.07,50.07,DAY,04/23/2025 10:58:15 EDT,04/23/2025 10:58:15 EDT
iShares Gold Trust,IAU,Buy,Filled,10,10,@61.84,61.84,DAY,04/23/2025 10:40:08 EDT,04/23/2025 10:40:08 EDT
ProShares UltraPro QQQ,TQQQ,Buy,Filled,8,8,@50.08,50.08,DAY,04/23/2025 10:15:00 EDT,04/23/2025 10:15:04 EDT
United States Oil,USO,Sell,Filled,10,10,@67.68,67.68,DAY,04/23/2025 10:13:52 EDT,04/23/2025 10:13:54 EDT
ProShares UltraPro QQQ,TQQQ,Buy,Filled,15,15,@49.26,49.26,DAY,04/23/2025 09:28:31 EDT,04/23/2025 09:28:32 EDT
iShares US Aerospace & Defense ETF,ITA,Sell,Filled,5,5,@150.18,150.18,DAY,04/23/2025 09:19:08 EDT,04/23/2025 09:24:50 EDT
ProShares UltraPro QQQ,TQQQ,Sell,Filled,20,20,@47.37,47.37,DAY,04/22/2025 17:38:46 EDT,04/22/2025 17:38:46 EDT
ProShares UltraPro QQQ,TQQQ,Buy,Filled,1,1,@44.68,44.68,DAY,04/22/2025 15:44:20 EDT,04/22/2025 15:44:20 EDT
iShares US Aerospace & Defense ETF,ITA,Buy,Filled,5,5,@145.86,145.86,DAY,04/22/2025 12:45:30 EDT,04/22/2025 12:45:32 EDT
ProShares UltraPro QQQ,TQQQ,Buy,Filled,5,5,@45.63,45.63,DAY,04/22/2025 12:43:30 EDT,04/22/2025 12:43:45 EDT
ProShares UltraPro Dow30,UDOW,Sell,Filled,8,8,@68.40,68.40,DAY,04/22/2025 12:21:57 EDT,04/22/2025 12:21:57 EDT
ProShares UltraPro QQQ,TQQQ,Buy,Filled,14,14,@44.45,44.45,DAY,04/22/2025 11:48:14 EDT,04/22/2025 11:48:14 EDT
ProShares UltraPro Dow30,UDOW,Sell,Filled,14,14,@67.18,67.18,DAY,04/22/2025 11:21:39 EDT,04/22/2025 11:21:39 EDT
United States Oil,USO,Buy,Filled,10,10,@69.07,69.07,DAY,04/22/2025 07:56:51 EDT,04/22/2025 07:56:51 EDT
ProShares UltraPro Dow30,UDOW,Buy,Filled,7,7,@61.56,61.56,DAY,04/21/2025 14:15:02 EDT,04/21/2025 14:15:02 EDT
ProShares UltraPro Short QQQ,SQQQ,Sell,Filled,8,8,@41.81,41.81,DAY,04/21/2025 12:42:22 EDT,04/21/2025 12:42:22 EDT
ProShares UltraPro Dow30,UDOW,Buy,Filled,15,15,@62.81,62.81,DAY,04/21/2025 12:14:54 EDT,04/21/2025 12:15:00 EDT
iShares Gold Trust,IAU,Sell,Filled,15,15,@64.45,64.45,DAY,04/21/2025 12:07:52 EDT,04/21/2025 12:07:57 EDT
iShares Gold Trust,IAU,Buy,Filled,15,15,@64.57,64.57,DAY,04/21/2025 12:00:38 EDT,04/21/2025 12:00:38 EDT
ProShares UltraPro Short QQQ,SQQQ,Sell,Filled,10,10,@42.24,42.24,DAY,04/21/2025 11:54:07 EDT,04/21/2025 11:54:12 EDT
ProShares UltraPro Short QQQ,SQQQ,Buy,Cancelled,0,25,@38.50,,GTC,04/20/2025 23:52:22 EDT,
ProShares UltraPro Short Dow30,SDOW,Sell,Filled,17,17,@60.09,60.09,DAY,04/17/2025 15:57:33 EDT,04/17/2025 15:57:33 EDT
ProShares UltraPro Short QQQ,SQQQ,Buy,Filled,3,3,@39.46,39.46,DAY,04/16/2025 15:01:37 EDT,04/16/2025 15:01:38 EDT
ProShares UltraPro Short QQQ,SQQQ,Buy,Filled,15,15,@39.35,39.35,DAY,04/16/2025 14:57:03 EDT,04/16/2025 14:57:08 EDT
ProShares UltraPro Short Dow30,SDOW,Sell,Filled,10,10,@57.79,57.79,DAY,04/16/2025 14:56:22 EDT,04/16/2025 14:56:22 EDT
ProShares UltraPro Short Dow30,SDOW,Buy,Filled,3,3,@55.33,55.33,DAY,04/16/2025 09:03:49 EDT,04/16/2025 09:03:49 EDT
ProShares UltraPro Short Dow30,SDOW,Buy,Filled,10,10,@59.33,59.33,DAY,04/11/2025 09:33:38 EDT,04/11/2025 09:33:39 EDT
ProShares UltraPro Short Dow30,SDOW,Buy,Filled,14,14,@58.21,58.21,DAY,04/10/2025 16:00:44 EDT,04/10/2025 16:00:44 EDT
ProShares UltraPro QQQ,TQQQ,Sell,Filled,12,12,@50.43,50.43,DAY,04/09/2025 14:18:49 EDT,04/09/2025 14:18:49 EDT
ProShares UltraPro QQQ,TQQQ,Buy,Filled,12,12,@38.09,38.09,DAY,04/08/2025 18:12:43 EDT,04/08/2025 18:12:44 EDT
ProShares UltraPro Short Dow30,SDOW,Sell,Filled,12,12,@68.40,68.40,DAY,04/08/2025 14:15:29 EDT,04/08/2025 14:15:30 EDT
ProShares UltraPro Short Dow30,SDOW,Buy,Filled,12,12,@63.15,63.15,DAY,04/08/2025 09:31:28 EDT,04/08/2025 09:38:27 EDT
ProShares UltraPro Short Dow30,SDOW,Sell,Filled,20,20,@56.88,56.88,DAY,04/03/2025 10:15:56 EDT,04/03/2025 10:15:56 EDT
ProShares UltraPro Short Dow30,SDOW,Buy,Filled,20,20,@53.42,53.42,DAY,03/31/2025 13:03:22 EDT,03/31/2025 13:03:25 EDT
ProShares UltraPro QQQ,TQQQ,Sell,Filled,21,21,@55.18,55.18,DAY,03/31/2025 13:02:25 EDT,03/31/2025 13:02:26 EDT
ProShares UltraPro QQQ,TQQQ,Buy,Filled,2,2,@66.03,66.03,DAY,03/24/2025 12:00:56 EDT,03/24/2025 12:00:56 EDT
ProShares UltraPro QQQ,TQQQ,Buy,Filled,2,2,@66.09,66.09,DAY,03/24/2025 11:13:20 EDT,03/24/2025 11:13:23 EDT
ProShares UltraPro QQQ,TQQQ,Buy,Filled,2,2,@65.89,65.89,DAY,03/24/2025 11:00:58 EDT,03/24/2025 11:01:14 EDT
ProShares UltraPro QQQ,TQQQ,Sell,Filled,10,10,@61.19,61.19,DAY,03/20/2025 14:20:50 EDT,03/20/2025 14:23:30 EDT
ProShares UltraPro QQQ,TQQQ,Buy,Filled,1,1,@59.63,59.63,DAY,03/18/2025 14:13:48 EDT,03/18/2025 14:13:48 EDT
ProShares UltraPro QQQ,TQQQ,Buy,Filled,5,5,@61.43,61.43,DAY,03/14/2025 14:11:30 EDT,03/14/2025 14:11:30 EDT
ProShares UltraPro QQQ,TQQQ,Buy,Filled,3,3,@61.57,61.57,DAY,03/12/2025 15:11:39 EDT,03/12/2025 15:11:39 EDT
ProShares UltraPro QQQ,TQQQ,Buy,Filled,1,1,@72.52,72.52,DAY,03/05/2025 15:06:05 EST,03/05/2025 15:07:01 EST
ProShares UltraPro QQQ,TQQQ,Buy,Filled,1,1,@71.01,71.01,DAY,03/05/2025 12:56:49 EST,03/05/2025 12:56:49 EST
ProShares UltraPro QQQ,TQQQ,Buy,Filled,1,1,@70.39,70.39,DAY,03/03/2025 19:14:38 EST,03/03/2025 19:14:38 EST
ProShares UltraPro QQQ,TQQQ,Buy,Filled,3,3,@72.90,72.90,DAY,02/27/2025 15:33:36 EST,02/27/2025 15:33:36 EST
ProShares UltraPro QQQ,TQQQ,Buy,Filled,1,1,@73.01,73.01,DAY,02/27/2025 15:22:15 EST,02/27/2025 15:22:15 EST
ProShares UltraPro QQQ,TQQQ,Buy,Filled,9,9,@75.21,75.21,DAY,02/27/2025 14:26:50 EST,02/27/2025 14:26:50 EST
Direxion Daily Financial Bull 3X ETF,FAS,Sell,Filled,4,4,@177.05,177.05,DAY,02/27/2025 14:26:24 EST,02/27/2025 14:26:24 EST
Direxion Daily Financial Bull 3X ETF,FAS,Buy,Filled,4,4,@174.01,174.01,DAY,02/24/2025 11:55:06 EST,02/24/2025 11:55:06 EST
Direxion Daily Hmbldrs&Supls Bull 3X ETF,NAIL,Sell,Filled,10,10,@69.42,69.42,DAY,02/24/2025 11:54:45 EST,02/24/2025 11:54:50 EST
Direxion Daily Hmbldrs&Supls Bull 3X ETF,NAIL,Buy,Filled,1,1,@75.33,75.33,DAY,02/20/2025 15:53:34 EST,02/20/2025 15:53:57 EST
Direxion Daily Hmbldrs&Supls Bull 3X ETF,NAIL,Buy,Filled,3,3,@74.40,74.40,DAY,02/20/2025 08:44:11 EST,02/20/2025 08:44:11 EST
ProShares UltraPro QQQ,TQQQ,Sell,Filled,3,3,@89.92,89.92,DAY,02/20/2025 08:43:40 EST,02/20/2025 08:43:42 EST
Direxion Daily Hmbldrs&Supls Bull 3X ETF,NAIL,Buy,Filled,6,6,@79.68,79.68,DAY,02/18/2025 11:04:49 EST,02/18/2025 11:04:49 EST
ProShares UltraPro Dow30,UDOW,Sell,Filled,4,4,@106.73,106.73,DAY,02/18/2025 11:04:16 EST,02/18/2025 11:04:18 EST
ProShares UltraPro QQQ,TQQQ,Buy,Filled,3,3,84.68,84.68,DAY,02/11/2025 12:20:28 EST,02/11/2025 12:20:28 EST
ProShares UltraPro Dow30,UDOW,Sell,Filled,2,2,106.62,106.62,DAY,02/11/2025 12:19:58 EST,02/11/2025 12:19:58 EST
ProShares UltraPro Dow30,UDOW,Buy,Filled,1,1,106.18,106.18,DAY,02/10/2025 15:24:20 EST,02/10/2025 15:24:20 EST
Direxion Daily PLTR Bear 1X Shares,PLTD,Sell,Filled,4,4,14.07,14.07,DAY,02/07/2025 15:02:50 EST,02/07/2025 15:02:50 EST
Direxion Daily PLTR Bear 1X Shares,PLTD,Buy,Filled,4,4,15.67,15.67,DAY,02/04/2025 11:53:01 EST,02/04/2025 11:53:01 EST
Direxion Dly Aerospace&Def Bl 3X ShsETF,DFEN,Sell,Filled,2,2,33.04,33.04,DAY,02/04/2025 11:50:16 EST,02/04/2025 11:50:16 EST
Direxion Dly Aerospace&Def Bl 3X ShsETF,DFEN,Sell,Cancelled,0,2,@33.16,,GTC,02/04/2025 11:48:27 EST,
Direxion Dly Aerospace&Def Bl 3X ShsETF,DFEN,Buy,Filled,2,2,@33.24,33.24,GTC,02/04/2025 11:40:27 EST,02/04/2025 11:40:27 EST
ProShares UltraPro Dow30,UDOW,Buy,Filled,5,5,@105.78,105.78,GTC,02/04/2025 08:41:20 EST,02/04/2025 08:41:20 EST
Payoneer Global Inc.,PAYO,Sell,Filled,48,48,10.09,10.09,DAY,01/08/2025 12:20:57 EST,01/08/2025 12:20:57 EST
Payoneer Global Inc.,PAYO,Sell,Cancelled,1,49,@10.38,10.38,GTC,01/07/2025 16:18:57 EST,01/07/2025 16:52:29 EST
Payoneer Global Inc.,PAYO,Sell,Cancelled,0,49,9.84,,DAY,01/07/2025 13:07:03 EST,
Payoneer Global Inc.,PAYO,Sell,Cancelled,0,49,@10.69,,DAY,01/07/2025 13:07:03 EST,
Payoneer Global Inc.,PAYO,Buy,Filled,49,49,@10.36,10.36,DAY,01/06/2025 16:33:23 EST,01/06/2025 16:33:23 EST
Payoneer Global Inc.,PAYO,Buy,Cancelled,0,50,@10.35,,DAY,01/06/2025 16:32:37 EST,
Aurora Innovation Inc,AUR,Sell,Filled,75,75,@6.47,6.47,GTC,01/06/2025 16:27:15 EST,01/06/2025 16:27:15 EST
Aurora Innovation Inc,AUR,Sell,Cancelled,0,75,@6.11,,DAY,01/02/2025 19:41:58 EST,
Aurora Innovation Inc,AUR,Buy,Filled,75,75,@6.90,6.90,DAY,12/27/2024 14:48:32 EST,12/27/2024 14:50:33 EST
ProShares UltraPro Short QQQ,SQQQ,Sell,Filled,16,16,@11.11,11.11,DAY,03/11/2024 15:56:56 EDT,03/11/2024 15:56:56 EDT
ProShares UltraPro Short QQQ,SQQQ,Buy,Filled,16,16,@11.93,11.93,DAY,02/20/2024 16:00:19 EST,02/20/2024 16:00:19 EST
